year,fage,firms,estabs,emp,denom,estabs_entry,estabs_entry_rate,estabs_exit,estabs_exit_rate,job_creation,job_creation_births,job_creation_continuers,job_creation_rate_births,job_creation_rate,job_destruction,job_destruction_deaths,job_destruction_continuers,job_destruction_rate_deaths,job_destruction_rate,net_job_creation,net_job_creation_rate,reallocation_rate,firmdeath_firms,firmdeath_estabs,firmdeath_emp
1978,a) 0,486465,493520,2542914,1271474,493520,199.998,(X),(X),2542916,2542914,(X),199.997,199.997,(X),(X),(X),(X),(X),2542883,199.995,(X),(X),(X),(X)
1978,b) 1,355208,365597,2340450,2321923,4492,1.056,123677,29.088,807117,49270,757847,2.122,34.761,758255,509525,248730,21.944,32.656,48862,2.104,65.313,98316,99070,415981
1978,c) 2,(X),(X),(X),(X),(X),(X),(X),(X),(X),(X),(X),(X),(X),(X),(X),(X),(X),(X),(X),(X),(X),(X),(X),(X)
1978,d) 3,(X),(X),(X),(X),(X),(X),(X),(X),(X),(X),(X),(X),(X),(X),(X),(X),(X),(X),(X),(X),(X),(X),(X),(X)
1978,e) 4,(X),(X),(X),(X),(X),(X),(X),(X),(X),(X),(X),(X),(X),(X),(X),(X),(X),(X),(X),(X),(X),(X),(X),(X)
1978,f) 5,(X),(X),(X),(X),(X),(X),(X),(X),(X),(X),(X),(X),(X),(X),(X),(X),(X),(X),(X),(X),(X),(X),(X),(X)
1978,g) 6 to 10,(X),(X),(X),(X),(X),(X),(X),(X),(X),(X),(X),(X),(X),(X),(X),(X),(X),(X),(X),(X),(X),(X),(X),(X)
1978,h) 11 to 15,(X),(X),(X),(X),(X),(X),(X),(X),(X),(X),(X),(X),(X),(X),(X),(X),(X),(X),(X),(X),(X),(X),(X),(X)
1978,i) 16 to 20,(X),(X),(X),(X),(X),(X),(X),(X),(X),(X),(X),(X),(X),(X),(X),(X),(X),(X),(X),(X),(X),(X),(X),(X)
1978,j) 21 to 25,(X),(X),(X),(X),(X),(X),(X),(X),(X),(X),(X),(X),(X),(X),(X),(X),(X),(X),(X),(X),(X),(X),(X),(X)
1978,k) 26+,(X),(X),(X),(X),(X),(X),(X),(X),(X),(X),(X),(X),(X),(X),(X),(X),(X),(X),(X),(X),(X),(X),(X),(X)
1978,l) Left Censored,2716568,3465663,65085002,63796092,142210,3.985,348659,9.769,10897848,1995538,8902310,3.128,17.082,8311243,3053406,5257837,4.786,13.028,2586605,4.054,26.056,227985,232358,1403235
1979,a) 0,473351,477730,2421311,1210668,477730,199.998,(X),(X),2421312,2421311,(X),199.998,199.998,(X),(X),(X),(X),(X),2421287,199.996,(X),(X),(X),(X)
1979,b) 1,362517,370416,2441619,2477956,1753,0.406,123995,28.733,787605,21440,766165,0.865,31.784,850078,521659,328419,21.052,34.306,-62473,-2.521,63.569,99391,99686,418357
1979,c) 2,307983,319110,2305264,2331902,14963,4.359,63329,18.448,589376,77294,512082,3.315,25.274,641342,315418,325924,13.526,27.503,-51966,-2.228,50.549,49754,50033,248052
1979,d) 3,(X),(X),(X),(X),(X),(X),(X),(X),(X),(X),(X),(X),(X),(X),(X),(X),(X),(X),(X),(X),(X),(X),(X),(X)
1979,e) 4,(X),(X),(X),(X),(X),(X),(X),(X),(X),(X),(X),(X),(X),(X),(X),(X),(X),(X),(X),(X),(X),(X),(X),(X)
1979,f) 5,(X),(X),(X),(X),(X),(X),(X),(X),(X),(X),(X),(X),(X),(X),(X),(X),(X),(X),(X),(X),(X),(X),(X),(X)
1979,g) 6 to 10,(X),(X),(X),(X),(X),(X),(X),(X),(X),(X),(X),(X),(X),(X),(X),(X),(X),(X),(X),(X),(X),(X),(X),(X)
1979,h) 11 to 15,(X),(X),(X),(X),(X),(X),(X),(X),(X),(X),(X),(X),(X),(X),(X),(X),(X),(X),(X),(X),(X),(X),(X),(X)
1979,i) 16 to 20,(X),(X),(X),(X),(X),(X),(X),(X),(X),(X),(X),(X),(X),(X),(X),(X),(X),(X),(X),(X),(X),(X),(X),(X)
1979,j) 21 to 25,(X),(X),(X),(X),(X),(X),(X),(X),(X),(X),(X),(X),(X),(X),(X),(X),(X),(X),(X),(X),(X),(X),(X),(X)
1979,k) 26+,(X),(X),(X),(X),(X),(X),(X),(X),(X),(X),(X),(X),(X),(X),(X),(X),(X),(X),(X),(X),(X),(X),(X),(X)
1979,l) Left Censored,2547481,3317267,67260692,66274261,121718,3.584,279594,8.233,9895718,1836189,8059529,2.771,14.931,7911660,2415636,5496024,3.645,11.938,1984058,2.994,23.876,180907,184827,1120963
1980,a) 0,439662,443759,2230899,1115456,443759,199.998,(X),(X),2230899,2230899,(X),199.999,199.999,(X),(X),(X),(X),(X),2230885,199.998,(X),(X),(X),(X)
1980,b) 1,345811,351302,2199508,2307927,1471,0.355,127437,30.761,640163,17182,622981,0.744,27.738,848675,496855,351820,21.528,36.772,-208512,-9.035,55.475,103649,103810,405481
1980,c) 2,305114,313812,2187677,2311616,14081,4.117,70512,20.616,491135,74601,416534,3.227,21.246,738530,340835,397695,14.744,31.949,-247395,-10.702,42.493,56400,56656,275419
1980,d) 3,269855,281947,2159640,2235941,13060,4.345,50309,16.738,455816,73692,382124,3.296,20.386,608911,247455,361456,11.067,27.233,-153095,-6.847,40.772,39202,39570,195577
1980,e) 4,(X),(X),(X),(X),(X),(X),(X),(X),(X),(X),(X),(X),(X),(X),(X),(X),(X),(X),(X),(X),(X),(X),(X),(X)
1980,f) 5,(X),(X),(X),(X),(X),(X),(X),(X),(X),(X),(X),(X),(X),(X),(X),(X),(X),(X),(X),(X),(X),(X),(X),(X)
1980,g) 6 to 10,(X),(X),(X),(X),(X),(X),(X),(X),(X),(X),(X),(X),(X),(X),(X),(X),(X),(X),(X),(X),(X),(X),(X),(X)
1980,h) 11 to 15,(X),(X),(X),(X),(X),(X),(X),(X),(X),(X),(X),(X),(X),(X),(X),(X),(X),(X),(X),(X),(X),(X),(X),(X)
1980,i) 16 to 20,(X),(X),(X),(X),(X),(X),(X),(X),(X),(X),(X),(X),(X),(X),(X),(X),(X),(X),(X),(X),(X),(X),(X),(X)
1980,j) 21 to 25,(X),(X),(X),(X),(X),(X),(X),(X),(X),(X),(X),(X),(X),(X),(X),(X),(X),(X),(X),(X),(X),(X),(X),(X)
1980,k) 26+,(X),(X),(X),(X),(X),(X),(X),(X),(X),(X),(X),(X),(X),(X),(X),(X),(X),(X),(X),(X),(X),(X),(X),(X)
1980,l) Left Censored,2378690,3162458,66107498,66677732,106661,3.291,262940,8.114,7977191,1670029,6307162,2.505,11.964,9111838,2327278,6784560,3.49,13.665,-1134647,-1.702,23.928,169923,174143,1063050
1981,a) 0,430184,432413,2387670,1193876,432413,199.998,(X),(X),2387664,2387664,(X),199.993,199.993,(X),(X),(X),(X),(X),2387576,199.985,(X),(X),(X),(X)
1981,b) 1,321406,327043,2106658,2168394,2120,0.55,118247,30.705,646939,21136,625803,0.975,29.835,761945,458175,303770,21.13,35.139,-115006,-5.304,59.67,95747,95974,382004
1981,c) 2,289718,296486,2053064,2131065,14223,4.39,69226,21.367,495173,89362,405811,4.193,23.236,649059,326268,322791,15.31,30.457,-153886,-7.221,46.472,55713,55908,269168
1981,d) 3,264937,274696,2061793,2125231,13743,4.671,52748,17.929,454554,102306,352248,4.814,21.388,579558,253178,326380,11.913,27.27,-125004,-5.882,42.777,41205,41471,200430
1981,e) 4,239394,252507,2077268,2124431,11358,4.251,40731,15.244,417361,74311,343050,3.498,19.646,511582,197084,314498,9.277,24.081,-94221,-4.435,39.292,30931,31289,152312
1981,f) 5,(X),(X),(X),(X),(X),(X),(X),(X),(X),(X),(X),(X),(X),(X),(X),(X),(X),(X),(X),(X),(X),(X),(X),(X)
1981,g) 6 to 10,(X),(X),(X),(X),(X),(X),(X),(X),(X),(X),(X),(X),(X),(X),(X),(X),(X),(X),(X),(X),(X),(X),(X),(X)
1981,h) 11 to 15,(X),(X),(X),(X),(X),(X),(X),(X),(X),(X),(X),(X),(X),(X),(X),(X),(X),(X),(X),(X),(X),(X),(X),(X)
1981,i) 16 to 20,(X),(X),(X),(X),(X),(X),(X),(X),(X),(X),(X),(X),(X),(X),(X),(X),(X),(X),(X),(X),(X),(X),(X),(X)
1981,j) 21 to 25,(X),(X),(X),(X),(X),(X),(X),(X),(X),(X),(X),(X),(X),(X),(X),(X),(X),(X),(X),(X),(X),(X),(X),(X)
1981,k) 26+,(X),(X),(X),(X),(X),(X),(X),(X),(X),(X),(X),(X),(X),(X),(X),(X),(X),(X),(X),(X),(X),(X),(X),(X)
1981,l) Left Censored,2222387,3029856,64872824,65469262,111565,3.605,241753,7.811,7704991,1847003,5857988,2.821,11.769,8886150,2253743,6632407,3.442,13.573,-1181159,-1.804,23.538,153579,158723,1002359
1982,a) 0,417358,423804,2261272,1130658,423804,200,(X),(X),2261275,2261272,(X),199.996,199.996,(X),(X),(X),(X),(X),2261233,199.993,(X),(X),(X),(X)
1982,b) 1,309598,316049,2201009,2281646,4573,1.226,118625,31.797,688331,50886,637445,2.23,30.168,842332,494615,347717,21.678,36.918,-154001,-6.75,60.336,97175,97292,424948
1982,c) 2,264031,271586,1889153,1985902,12087,4.046,66452,22.242,452007,72446,379561,3.648,22.761,643452,313455,329997,15.784,32.401,-191445,-9.64,45.522,53811,53976,266090
1982,d) 3,245394,253688,1853572,1936541,10932,3.98,52917,19.265,392909,58132,334777,3.002,20.289,557467,245555,311912,12.68,28.787,-164558,-8.498,40.578,41807,41941,201872
1982,e) 4,229846,241260,1909480,1981180,10346,4.014,43306,16.802,383033,65536,317497,3.308,19.334,525771,211878,313893,10.695,26.538,-142738,-7.205,38.667,33011,33300,170493
1982,f) 5,211328,225726,1938688,2007937,9462,3.955,36484,15.25,355258,60903,294355,3.033,17.693,492788,186274,306514,9.277,24.542,-137530,-6.849,35.385,26808,27148,139716
1982,g) 6 to 10,(X),(X),(X),(X),(X),(X),(X),(X),(X),(X),(X),(X),(X),(X),(X),(X),(X),(X),(X),(X),(X),(X),(X),(X)
1982,h) 11 to 15,(X),(X),(X),(X),(X),(X),(X),(X),(X),(X),(X),(X),(X),(X),(X),(X),(X),(X),(X),(X),(X),(X),(X),(X)
1982,i) 16 to 20,(X),(X),(X),(X),(X),(X),(X),(X),(X),(X),(X),(X),(X),(X),(X),(X),(X),(X),(X),(X),(X),(X),(X),(X)
1982,j) 21 to 25,(X),(X),(X),(X),(X),(X),(X),(X),(X),(X),(X),(X),(X),(X),(X),(X),(X),(X),(X),(X),(X),(X),(X),(X)
1982,k) 26+,(X),(X),(X),(X),(X),(X),(X),(X),(X),(X),(X),(X),(X),(X),(X),(X),(X),(X),(X),(X),(X),(X),(X),(X)
1982,l) Left Censored,2063964,2884467,62647151,63748782,100551,3.397,251923,8.51,7282657,1590828,5691829,2.495,11.424,9470469,2379090,7091379,3.732,14.856,-2187812,-3.432,22.848,151994,156880,992835
1983,a) 0,456294,460706,2661456,1330732,460706,199.999,(X),(X),2661456,2661456,(X),199.999,199.999,(X),(X),(X),(X),(X),2661448,199.999,(X),(X),(X),(X)
1983,b) 1,312995,320959,2090316,2180276,2265,0.609,104067,27.986,590039,23755,566284,1.09,27.063,763896,446391,317505,20.474,35.037,-173857,-7.974,54.125,83953,84281,378822
1983,c) 2,261360,269012,1997133,2095153,11957,4.09,58657,20.063,440229,63287,376942,3.021,21.012,633680,300691,332989,14.352,30.245,-193451,-9.233,42.024,46914,47249,251718
1983,d) 3,231282,239914,1755757,1823105,12091,4.729,43600,17.053,366983,55746,311237,3.058,20.13,500636,221604,279032,12.155,27.461,-133653,-7.331,40.259,34246,34499,182001
1983,e) 4,219228,228248,1725911,1785148,11285,4.686,36403,15.117,336292,58710,277582,3.289,18.838,454502,186250,268252,10.433,25.46,-118210,-6.622,37.677,28201,28421,150977
1983,f) 5,208776,221398,1813804,1863833,11675,5.048,31422,13.587,349222,69592,279630,3.734,18.737,449467,167888,281579,9.008,24.115,-100245,-5.378,37.474,23328,23712,124544
1983,g) 6 to 10,194144,209271,1816594,1874832,10432,4.795,27022,12.42,327150,61890,265260,3.301,17.45,443506,173984,269522,9.28,23.656,-116356,-6.206,34.899,19733,20085,136814
1983,h) 11 to 15,(X),(X),(X),(X),(X),(X),(X),(X),(X),(X),(X),(X),(X),(X),(X),(X),(X),(X),(X),(X),(X),(X),(X),(X)
1983,i) 16 to 20,(X),(X),(X),(X),(X),(X),(X),(X),(X),(X),(X),(X),(X),(X),(X),(X),(X),(X),(X),(X),(X),(X),(X),(X)
1983,j) 21 to 25,(X),(X),(X),(X),(X),(X),(X),(X),(X),(X),(X),(X),(X),(X),(X),(X),(X),(X),(X),(X),(X),(X),(X),(X)
1983,k) 26+,(X),(X),(X),(X),(X),(X),(X),(X),(X),(X),(X),(X),(X),(X),(X),(X),(X),(X),(X),(X),(X),(X),(X),(X)
1983,l) Left Censored,1946338,2763050,60017916,61321549,104355,3.694,228051,8.073,7258850,1569621,5689229,2.56,11.837,9869602,2609791,7259811,4.256,16.095,-2610752,-4.257,23.675,126596,131735,871849
1984,a) 0,529610,534039,3069204,1534632,534039,199.999,(X),(X),3069201,3069201,(X),199.996,199.996,(X),(X),(X),(X),(X),3069138,199.992,(X),(X),(X),(X)
1984,b) 1,341246,346553,2548346,2600178,1176,0.292,114226,28.338,815381,18913,796468,0.727,31.359,907788,499887,407901,19.225,34.913,-92407,-3.554,62.717,93392,93525,422231
1984,c) 2,266601,274595,2091246,2078679,9842,3.306,55969,18.803,544657,56399,488258,2.713,26.202,517619,278814,238805,13.413,24.901,27038,1.301,49.803,45515,45932,236262
1984,d) 3,232258,239905,2046464,2021038,10559,4.148,39846,15.654,479558,56504,423054,2.796,23.728,427511,208879,218632,10.335,21.153,52047,2.575,42.306,31913,32268,174051
1984,e) 4,210176,218850,1814571,1784107,10022,4.362,31819,13.849,411210,49537,361673,2.777,23.049,349633,160934,188699,9.02,19.597,61577,3.451,39.194,24880,25229,130193
1984,f) 5,201394,210287,1766894,1745330,9981,4.55,28163,12.838,378536,47879,330657,2.743,21.689,335563,143238,192325,8.207,19.226,42973,2.462,38.453,21624,21896,112140
1984,g) 6 to 10,375782,404111,3745021,3686828,19620,4.697,46796,11.203,766218,125416,640802,3.402,20.783,647917,262161,385756,7.111,17.574,118301,3.209,35.148,34729,35430,196723
1984,h) 11 to 15,(X),(X),(X),(X),(X),(X),(X),(X),(X),(X),(X),(X),(X),(X),(X),(X),(X),(X),(X),(X),(X),(X),(X),(X)
1984,i) 16 to 20,(X),(X),(X),(X),(X),(X),(X),(X),(X),(X),(X),(X),(X),(X),(X),(X),(X),(X),(X),(X),(X),(X),(X),(X)
1984,j) 21 to 25,(X),(X),(X),(X),(X),(X),(X),(X),(X),(X),(X),(X),(X),(X),(X),(X),(X),(X),(X),(X),(X),(X),(X),(X)
1984,k) 26+,(X),(X),(X),(X),(X),(X),(X),(X),(X),(X),(X),(X),(X),(X),(X),(X),(X),(X),(X),(X),(X),(X),(X),(X)
1984,l) Left Censored,1844042,2675900,61595727,60746073,103548,3.807,192249,7.067,8589527,1950307,6639220,3.211,14.14,6882376,2070577,4811799,3.409,11.33,1707151,2.81,22.659,112673,116823,796022
1985,a) 0,512453,516985,3064646,1532340,516985,199.999,(X),(X),3064643,3064643,(X),199.998,199.998,(X),(X),(X),(X),(X),3064606,199.995,(X),(X),(X),(X)
1985,b) 1,392984,398646,3017369,3054984,1332,0.286,135980,29.182,933526,24644,908882,0.807,30.557,997079,582273,414806,19.06,32.638,-63553,-2.08,61.115,111452,111588,498449
1985,c) 2,283766,289572,2446968,2505533,11963,3.762,68864,21.654,626342,71188,555154,2.841,24.998,740123,413967,326156,16.522,29.54,-113781,-4.541,49.997,56694,56878,320592
1985,d) 3,234253,242393,2028251,2046547,10987,4.251,43059,16.662,453999,54541,399458,2.665,22.184,489784,242006,247778,11.825,23.932,-35785,-1.749,44.367,34752,35216,202259
1985,e) 4,208414,216350,1995199,2011094,9788,4.289,33477,14.67,417326,54323,363003,2.701,20.751,448152,207288,240864,10.307,22.284,-30826,-1.533,41.502,26376,26782,169317
1985,f) 5,190649,199563,1784845,1791770,9251,4.422,28550,13.646,367260,52412,314848,2.925,20.497,380451,168444,212007,9.401,21.233,-13191,-0.736,40.994,22264,22634,135188
1985,g) 6 to 10,530041,568679,5493880,5516559,26672,4.507,72948,12.326,1040448,159735,880713,2.896,18.86,1083171,454018,629153,8.23,19.635,-42723,-0.774,37.721,54450,55619,350189
1985,h) 11 to 15,(X),(X),(X),(X),(X),(X),(X),(X),(X),(X),(X),(X),(X),(X),(X),(X),(X),(X),(X),(X),(X),(X),(X),(X)
1985,i) 16 to 20,(X),(X),(X),(X),(X),(X),(X),(X),(X),(X),(X),(X),(X),(X),(X),(X),(X),(X),(X),(X),(X),(X),(X),(X)
1985,j) 21 to 25,(X),(X),(X),(X),(X),(X),(X),(X),(X),(X),(X),(X),(X),(X),(X),(X),(X),(X),(X),(X),(X),(X),(X),(X)
1985,k) 26+,(X),(X),(X),(X),(X),(X),(X),(X),(X),(X),(X),(X),(X),(X),(X),(X),(X),(X),(X),(X),(X),(X),(X),(X)
1985,l) Left Censored,1720370,2554580,61832367,61735162,96392,3.686,217672,8.323,8159218,1805766,6353452,2.925,13.216,7966250,2781614,5184636,4.506,12.904,192968,0.313,25.808,125620,131924,1140570
1986,a) 0,516867,518794,3050645,1525328,518794,199.998,(X),(X),3050645,3050645,(X),199.999,199.999,(X),(X),(X),(X),(X),3050634,199.999,(X),(X),(X),(X)
1986,b) 1,381140,389558,2957677,3021508,4305,0.95,131084,28.94,878220,60711,817509,2.009,29.066,996975,602555,394420,19.942,32.996,-118755,-3.93,58.131,105978,106282,507415
1986,c) 2,332148,340774,2813004,2915111,14983,4.053,72752,19.681,646918,96641,550277,3.315,22.192,847304,399581,447723,13.707,29.066,-200386,-6.874,44.384,58751,58980,335402
1986,d) 3,247040,255665,2287244,2354601,12544,4.602,46380,17.015,489022,82841,406181,3.518,20.769,624502,283230,341272,12.029,26.523,-135480,-5.754,41.538,36921,37142,228485
1986,e) 4,209731,219735,1963476,1996071,9645,4.174,32308,13.982,397188,64763,332425,3.245,19.898,461636,197424,264212,9.891,23.127,-64448,-3.229,39.797,25419,25746,163506
1986,f) 5,188859,198513,1936367,1968420,9104,4.388,26983,13.007,365752,59004,306748,2.998,18.581,428566,168601,259965,8.565,21.772,-62814,-3.191,37.162,20854,21148,135181
1986,g) 6 to 10,664891,719392,7135323,7208476,34897,4.689,84692,11.379,1311460,247133,1064327,3.428,18.193,1457362,514993,942369,7.144,20.217,-145902,-2.024,36.387,62282,63534,381209
1986,h) 11 to 15,(X),(X),(X),(X),(X),(X),(X),(X),(X),(X),(X),(X),(X),(X),(X),(X),(X),(X),(X),(X),(X),(X),(X),(X)
1986,i) 16 to 20,(X),(X),(X),(X),(X),(X),(X),(X),(X),(X),(X),(X),(X),(X),(X),(X),(X),(X),(X),(X),(X),(X),(X),(X)
1986,j) 21 to 25,(X),(X),(X),(X),(X),(X),(X),(X),(X),(X),(X),(X),(X),(X),(X),(X),(X),(X),(X),(X),(X),(X),(X),(X)
1986,k) 26+,(X),(X),(X),(X),(X),(X),(X),(X),(X),(X),(X),(X),(X),(X),(X),(X),(X),(X),(X),(X),(X),(X),(X),(X)
1986,l) Left Censored,1616621,2469535,61615800,61659119,106023,4.222,189578,7.549,7918907,1957753,5961154,3.175,12.843,7995517,2203255,5792262,3.573,12.967,-76610,-0.124,25.686,104526,109727,802045
1987,a) 0,513532,522057,3395688,1697864,522057,199.999,(X),(X),3395685,3395685,(X),199.997,199.997,(X),(X),(X),(X),(X),3395641,199.995,(X),(X),(X),(X)
1987,b) 1,383339,393376,2940641,2999723,8025,1.762,132418,29.066,939290,100023,839267,3.334,31.313,1048921,608449,440472,20.284,34.967,-109631,-3.655,62.625,108766,108862,522367
1987,c) 2,320544,331216,2671907,2800867,15864,4.411,72727,20.222,666503,106463,560040,3.801,23.796,920362,406152,514210,14.501,32.86,-253859,-9.064,47.593,59384,59624,339175
1987,d) 3,292491,303573,2586311,2682962,14722,4.575,51173,15.902,576885,99959,476926,3.726,21.502,772216,307594,464622,11.465,28.782,-195331,-7.28,43.004,41291,41469,259310
1987,e) 4,219976,231545,2201983,2226139,11892,4.882,35954,14.761,518170,134818,383352,6.056,23.277,566395,232108,334287,10.426,25.443,-48225,-2.166,46.553,28789,28988,192295
1987,f) 5,189408,200488,1883628,1921621,8905,4.241,27903,13.288,364583,58516,306067,3.045,18.973,438767,176775,261992,9.199,22.833,-74184,-3.86,37.945,21767,22087,142765
1987,g) 6 to 10,788076,856719,8901730,8991269,40416,4.554,101957,11.488,1644664,325340,1319324,3.618,18.292,1822822,694602,1128220,7.725,20.273,-178158,-1.981,36.584,73931,75352,486059
1987,h) 11 to 15,(X),(X),(X),(X),(X),(X),(X),(X),(X),(X),(X),(X),(X),(X),(X),(X),(X),(X),(X),(X),(X),(X),(X),(X)
1987,i) 16 to 20,(X),(X),(X),(X),(X),(X),(X),(X),(X),(X),(X),(X),(X),(X),(X),(X),(X),(X),(X),(X),(X),(X),(X),(X)
1987,j) 21 to 25,(X),(X),(X),(X),(X),(X),(X),(X),(X),(X),(X),(X),(X),(X),(X),(X),(X),(X),(X),(X),(X),(X),(X),(X)
1987,k) 26+,(X),(X),(X),(X),(X),(X),(X),(X),(X),(X),(X),(X),(X),(X),(X),(X),(X),(X),(X),(X),(X),(X),(X),(X)
1987,l) Left Censored,1516394,2385178,61291185,61905493,118117,4.863,205511,8.461,8231126,2285588,5945538,3.692,13.296,9458980,2841824,6617156,4.591,15.28,-1227854,-1.983,26.593,101894,107782,877308
1988,a) 0,506964,514966,3043568,1521789,514966,199.999,(X),(X),3043567,3043567,(X),199.999,199.999,(X),(X),(X),(X),(X),3043556,199.999,(X),(X),(X),(X)
1988,b) 1,380383,390662,3273214,3325585,2722,0.597,132617,29.108,908627,36730,871897,1.104,27.322,1003697,618029,385668,18.584,30.181,-95070,-2.859,54.645,108143,108673,530685
1988,c) 2,331396,343171,2999945,3083208,15235,4.09,73826,19.821,689707,99656,590051,3.232,22.37,855891,435589,420302,14.128,27.76,-166184,-5.39,44.74,59686,60093,366338
1988,d) 3,279978,292241,2535093,2587777,13735,4.412,51870,16.662,562816,97903,464913,3.783,21.749,667437,311453,355984,12.036,25.792,-104621,-4.043,43.498,41648,42117,256603
1988,e) 4,263147,276378,2484675,2526460,12798,4.417,39490,13.63,490272,77084,413188,3.051,19.405,574204,244948,329256,9.695,22.728,-83932,-3.322,38.811,30965,31304,191926
1988,f) 5,198712,211918,2087362,2124849,9954,4.494,29079,13.129,395072,67592,327480,3.181,18.593,470786,194255,276531,9.142,22.156,-75714,-3.563,37.186,22519,22930,150242
1988,g) 6 to 10,772730,839242,8806932,8893296,37734,4.354,92490,10.672,1579358,304617,1274741,3.425,17.759,1748787,616418,1132369,6.931,19.664,-169429,-1.905,35.518,68504,70060,465079
1988,h) 11 to 15,135714,156949,1885818,1883310,7178,4.46,15152,9.415,346333,86369,259964,4.586,18.39,341156,110188,230968,5.851,18.115,5177,0.275,36.229,10099,10620,65617
1988,i) 16 to 20,(X),(X),(X),(X),(X),(X),(X),(X),(X),(X),(X),(X),(X),(X),(X),(X),(X),(X),(X),(X),(X),(X),(X),(X)
1988,j) 21 to 25,(X),(X),(X),(X),(X),(X),(X),(X),(X),(X),(X),(X),(X),(X),(X),(X),(X),(X),(X),(X),(X),(X),(X),(X)
1988,k) 26+,(X),(X),(X),(X),(X),(X),(X),(X),(X),(X),(X),(X),(X),(X),(X),(X),(X),(X),(X),(X),(X),(X),(X),(X)
1988,l) Left Censored,1438929,2333684,61692478,61468869,125761,5.329,177969,7.542,8765085,2404241,6360844,3.911,14.259,8308853,2572659,5736194,4.185,13.517,456232,0.742,27.034,83814,89533,758985
1989,a) 0,502520,509075,3027396,1513698,509075,200,(X),(X),3027396,3027396,(X),200,200,(X),(X),(X),(X),(X),3027396,200,(X),(X),(X),(X)
1989,b) 1,380100,389549,3074592,3082480,2256,0.499,127503,28.198,976245,50862,925383,1.65,31.671,983519,594131,389388,19.274,31.907,-7274,-0.236,63.342,104591,105061,497357
1989,c) 2,322709,334164,3167028,3214778,13552,3.739,70158,19.356,685575,105206,580369,3.273,21.326,780474,409678,370796,12.744,24.278,-94899,-2.952,42.651,57293,57945,346310
1989,d) 3,291894,304532,2878616,2934549,12930,3.992,51621,15.938,576032,79588,496444,2.712,19.629,685728,321347,364381,10.95,23.367,-109696,-3.738,39.259,41687,42354,271314
1989,e) 4,250929,264839,2483792,2512581,11319,4.06,39247,14.077,490733,79239,411494,3.154,19.531,547770,240198,307572,9.56,21.801,-57037,-2.27,39.062,31160,31668,193966
1989,f) 5,240961,254042,2436666,2464427,10090,3.804,32539,12.267,443010,70502,372508,2.861,17.976,497470,207539,289931,8.421,20.186,-54460,-2.21,35.952,24944,25959,161832
1989,g) 6 to 10,769422,835780,9085813,9125775,33287,3.852,89886,10.403,1552423,270317,1282106,2.962,17.011,1634390,618310,1016080,6.775,17.91,-81967,-0.898,34.023,67936,69945,471125
1989,h) 11 to 15,261800,300910,3675017,3689911,11565,3.742,27911,9.03,591308,111871,479437,3.032,16.025,620912,208281,412631,5.645,16.827,-29604,-0.802,32.05,19492,20321,138915
1989,i) 16 to 20,(X),(X),(X),(X),(X),(X),(X),(X),(X),(X),(X),(X),(X),(X),(X),(X),(X),(X),(X),(X),(X),(X),(X),(X)
1989,j) 21 to 25,(X),(X),(X),(X),(X),(X),(X),(X),(X),(X),(X),(X),(X),(X),(X),(X),(X),(X),(X),(X),(X),(X),(X),(X)
1989,k) 26+,(X),(X),(X),(X),(X),(X),(X),(X),(X),(X),(X),(X),(X),(X),(X),(X),(X),(X),(X),(X),(X),(X),(X),(X)
1989,l) Left Censored,1361397,2277763,61852968,61709977,116904,5.07,172800,7.494,8145294,2181269,5964025,3.535,13.199,7890406,2389300,5501106,3.872,12.786,254888,0.413,25.573,82348,88428,714207
1990,a) 0,493074,498171,2896039,1448023,498171,199.999,(X),(X),2896040,2896039,(X),200,200,(X),(X),(X),(X),(X),2896034,199.999,(X),(X),(X),(X)
1990,b) 1,376067,384363,2973107,3026474,2310,0.517,126524,28.339,913217,44792,868425,1.48,30.174,1011899,587275,424624,19.405,33.435,-98682,-3.261,60.349,104638,104952,507990
1990,c) 2,320144,331193,2874924,2974605,13484,3.741,71986,19.971,658972,102588,556384,3.449,22.153,858832,429490,429342,14.439,28.872,-199860,-6.719,44.307,59750,60197,362364
1990,d) 3,283343,295710,3062112,3111061,13241,4.206,51514,16.362,564991,83005,481986,2.668,18.161,665418,304067,361351,9.774,21.389,-100427,-3.228,36.321,42145,42814,260776
1990,e) 4,262190,275964,2771470,2823375,11756,4.05,40362,13.905,500495,88965,411530,3.151,17.727,605571,253792,351779,8.989,21.448,-105076,-3.722,35.454,32605,33157,211826
1990,f) 5,228314,243037,2411692,2448299,10232,4.028,32229,12.687,423700,71024,352676,2.901,17.306,496772,200103,296669,8.173,20.29,-73072,-2.985,34.612,25576,26177,167142
1990,g) 6 to 10,813167,881933,9654038,9753339,33768,3.708,91314,10.027,1522929,263235,1259694,2.699,15.614,1720222,594430,1125792,6.095,17.637,-197293,-2.023,31.229,69445,71535,452103
1990,h) 11 to 15,375652,429569,5338282,5357962,15320,3.476,37634,8.539,826579,150406,676173,2.807,15.427,866385,271117,595268,5.06,16.17,-39806,-0.743,30.854,26985,28135,180266
1990,i) 16 to 20,(X),(X),(X),(X),(X),(X),(X),(X),(X),(X),(X),(X),(X),(X),(X),(X),(X),(X),(X),(X),(X),(X),(X),(X)
1990,j) 21 to 25,(X),(X),(X),(X),(X),(X),(X),(X),(X),(X),(X),(X),(X),(X),(X),(X),(X),(X),(X),(X),(X),(X),(X),(X)
1990,k) 26+,(X),(X),(X),(X),(X),(X),(X),(X),(X),(X),(X),(X),(X),(X),(X),(X),(X),(X),(X),(X),(X),(X),(X),(X)
1990,l) Left Censored,1293316,2227430,61917390,61933369,100339,4.454,151330,6.717,7340271,1883307,5456964,3.041,11.852,7361965,1959745,5402220,3.164,11.887,-21694,-0.035,23.704,72744,77907,589288
1991,a) 0,450734,455652,2550779,1275390,455652,200,(X),(X),2550779,2550779,(X),200,200,(X),(X),(X),(X),(X),2550777,200,(X),(X),(X),(X)
1991,b) 1,363760,372234,2586418,2722696,3682,0.848,128111,29.488,754169,46726,707443,1.716,27.699,1018982,596713,422269,21.916,37.425,-264813,-9.726,55.399,104146,104318,502371
1991,c) 2,312952,323429,2548849,2746026,13520,3.826,73417,20.776,536084,88379,447705,3.218,19.522,929084,453798,475286,16.526,33.834,-393000,-14.312,39.044,59705,60141,379378
1991,d) 3,275440,288709,2486978,2653606,13053,4.216,54828,17.71,463858,90645,373213,3.416,17.48,796974,370465,426509,13.961,30.034,-333116,-12.553,34.961,43786,44312,300169
1991,e) 4,250337,265531,2780736,2915308,12252,4.367,42301,15.078,424909,89627,335282,3.074,14.575,693388,302427,390961,10.374,23.784,-268479,-9.209,29.15,33487,34087,254616
1991,f) 5,235377,251587,2563910,2668087,11110,4.212,35511,13.462,406130,86064,320066,3.226,15.222,615903,237364,378539,8.896,23.084,-209773,-7.862,30.444,27487,28411,189307
1991,g) 6 to 10,839684,918566,9710783,10102995,38965,4.104,100490,10.585,1424630,334122,1090509,3.307,14.101,2208166,756856,1451310,7.491,21.857,-783536,-7.755,28.202,74961,77295,563367
1991,h) 11 to 15,471648,546984,6572852,6793580,23365,4.167,50721,9.047,910528,235672,674856,3.469,13.403,1349597,425377,924220,6.261,19.866,-439069,-6.463,26.806,35728,37211,305882
1991,i) 16 to 20,(X),(X),(X),(X),(X),(X),(X),(X),(X),(X),(X),(X),(X),(X),(X),(X),(X),(X),(X),(X),(X),(X),(X),(X)
1991,j) 21 to 25,(X),(X),(X),(X),(X),(X),(X),(X),(X),(X),(X),(X),(X),(X),(X),(X),(X),(X),(X),(X),(X),(X),(X),(X)
1991,k) 26+,(X),(X),(X),(X),(X),(X),(X),(X),(X),(X),(X),(X),(X),(X),(X),(X),(X),(X),(X),(X),(X),(X),(X),(X)
1991,l) Left Censored,1212430,2178204,59952472,60967445,117219,5.325,163634,7.433,6774801,2098668,4676133,3.442,11.112,8808021,2404976,6403045,3.945,14.447,-2033220,-3.335,22.224,74506,80862,915099
1992,a) 0,438647,446195,2486859,1243430,446195,200,(X),(X),2486859,2486859,(X),200,200,(X),(X),(X),(X),(X),2486859,200,(X),(X),(X),(X)
1992,b) 1,337401,347633,2380666,2435435,6230,1.556,111545,27.866,740850,69765,671085,2.865,30.42,843155,505480,337675,20.755,34.62,-102305,-4.201,60.839,89651,89825,429741
1992,c) 2,306071,317442,2359991,2455267,14914,4.334,68201,19.821,556438,90039,466399,3.667,22.663,743418,380668,362750,15.504,30.278,-186980,-7.615,45.326,54821,55074,322601
1992,d) 3,272030,284573,2405563,2467817,13018,4.29,50814,16.744,533049,92494,440555,3.748,21.6,655927,315427,340500,12.782,26.579,-122878,-4.979,43.2,40482,40894,260991
1992,e) 4,244526,260288,2376811,2423663,12570,4.586,40201,14.666,474396,98493,375903,4.064,19.574,567708,252622,315086,10.423,23.424,-93312,-3.85,39.147,31455,31783,201319
1992,f) 5,225772,242572,2656034,2698887,10721,4.223,33359,13.139,467342,73777,393565,2.734,17.316,551608,217490,334118,8.059,20.438,-84266,-3.122,34.632,25413,25873,174552
1992,g) 6 to 10,874563,957074,10174940,10332422,37249,3.761,103953,10.496,1623867,291211,1332656,2.818,15.716,1937978,707300,1230678,6.845,18.756,-314111,-3.04,31.432,74305,76426,521728
1992,h) 11 to 15,564518,655346,7972855,8113405,22683,3.367,59273,8.799,1157939,216099,941840,2.663,14.272,1435016,476863,958153,5.877,17.687,-277077,-3.415,28.544,38022,39689,314763
1992,i) 16 to 20,(X),(X),(X),(X),(X),(X),(X),(X),(X),(X),(X),(X),(X),(X),(X),(X),(X),(X),(X),(X),(X),(X),(X),(X)
1992,j) 21 to 25,(X),(X),(X),(X),(X),(X),(X),(X),(X),(X),(X),(X),(X),(X),(X),(X),(X),(X),(X),(X),(X),(X),(X),(X)
1992,k) 26+,(X),(X),(X),(X),(X),(X),(X),(X),(X),(X),(X),(X),(X),(X),(X),(X),(X),(X),(X),(X),(X),(X),(X),(X)
1992,l) Left Censored,1150070,2104071,58864015,59530685,89482,4.177,165758,7.738,6878966,1744185,5134781,2.93,11.555,8215602,2299660,5915942,3.863,13.801,-1336636,-2.245,23.111,61239,67006,487328
1993,a) 0,460574,464590,2545446,1272731,464590,200,(X),(X),2545448,2545446,(X),199.999,199.999,(X),(X),(X),(X),(X),2545434,199.998,(X),(X),(X),(X)
1993,b) 1,336648,345009,2623456,2596463,1610,0.407,102650,25.953,802410,24504,777906,0.944,30.904,740785,427935,312850,16.481,28.531,61625,2.373,57.061,83005,83240,365476
1993,c) 2,291198,300334,2246659,2314199,11979,3.698,59213,18.278,526591,61233,465358,2.646,22.755,658499,324836,333663,14.037,28.455,-131908,-5.7,45.51,46567,48479,278733
1993,d) 3,271858,283207,2291029,2318242,12218,4.071,46091,15.356,499221,62345,436876,2.689,21.534,552543,250006,302537,10.784,23.835,-53322,-2.3,43.069,36501,36988,209440
1993,e) 4,246115,259493,2327803,2366802,10740,3.944,36394,13.364,449811,61857,387954,2.614,19.005,527305,224238,303067,9.474,22.279,-77494,-3.274,38.01,28744,29131,175095
1993,f) 5,223504,239153,2327595,2354010,9976,3.996,30979,12.409,429190,70741,358449,3.005,18.232,480186,193545,286641,8.222,20.399,-50996,-2.166,36.465,23671,24186,146335
1993,g) 6 to 10,907849,992683,11038512,11120004,36843,3.6,98217,9.597,1725124,259569,1465555,2.334,15.514,1888985,644514,1244471,5.796,16.987,-163861,-1.474,31.027,72039,74014,458752
1993,h) 11 to 15,558112,640757,7882843,7912974,19644,2.991,51712,7.873,1136398,187411,948987,2.368,14.361,1200814,351787,849027,4.446,15.175,-64416,-0.814,28.722,35019,36588,222135
1993,i) 16 to 20,100221,122685,1649325,1653764,3731,2.971,9559,7.611,236263,42035,194228,2.542,14.286,244411,76010,168401,4.596,14.779,-8148,-0.493,28.573,5969,6403,46160
1993,j) 21 to 25,(X),(X),(X),(X),(X),(X),(X),(X),(X),(X),(X),(X),(X),(X),(X),(X),(X),(X),(X),(X),(X),(X),(X),(X)
1993,k) 26+,(X),(X),(X),(X),(X),(X),(X),(X),(X),(X),(X),(X),(X),(X),(X),(X),(X),(X),(X),(X),(X),(X),(X),(X)
1993,l) Left Censored,1097030,2028200,58406245,58611509,76303,3.694,151273,7.323,6837134,1547108,5290026,2.64,11.665,7255757,2015744,5240013,3.439,12.379,-418623,-0.714,23.33,55136,59905,431393
1994,a) 0,476253,481437,2692084,1346048,481437,199.998,(X),(X),2692084,2692084,(X),199.999,199.999,(X),(X),(X),(X),(X),2692071,199.998,(X),(X),(X),(X)
1994,b) 1,349478,355014,2483565,2502579,1764,0.431,110124,26.912,750784,32401,718383,1.295,30,780900,470245,310655,18.79,31.204,-30116,-1.203,60.001,90418,90547,406152
1994,c) 2,288942,298433,2446575,2525287,11231,3.49,58018,18.028,554830,84227,470603,3.335,21.971,708224,337274,370950,13.356,28.045,-153394,-6.074,43.942,47136,47587,289500
1994,d) 3,258046,267723,2141918,2194582,10472,3.69,42657,15.03,438848,57074,381774,2.601,19.997,544140,243169,300971,11.08,24.795,-105292,-4.798,39.994,34287,34744,207938
1994,e) 4,245483,257623,2211556,2251011,10864,4.02,36132,13.369,436897,64029,372868,2.844,19.409,514694,215311,299383,9.565,22.865,-77797,-3.456,38.818,28584,29066,182736
1994,f) 5,224423,238570,2254219,2289006,9898,3.977,30581,12.286,414500,74594,339906,3.259,18.108,484145,187592,296553,8.195,21.151,-69645,-3.043,36.217,23840,24326,150863
1994,g) 6 to 10,929261,1018710,11564514,11633627,39000,3.716,100717,9.596,1769300,305845,1463455,2.629,15.208,1906782,674955,1231827,5.802,16.39,-137482,-1.182,30.417,74756,77050,494600
1994,h) 11 to 15,557829,637756,7955083,7980697,20010,3.063,50855,7.786,1096097,190438,905659,2.386,13.734,1147545,348065,799480,4.361,14.379,-51448,-0.645,27.469,35144,36675,232035
1994,i) 16 to 20,195542,238810,3297147,3295039,7746,3.18,17359,7.126,460881,98335,362546,2.984,13.987,457226,127581,329645,3.872,13.876,3655,0.111,27.752,11486,12117,78152
1994,j) 21 to 25,(X),(X),(X),(X),(X),(X),(X),(X),(X),(X),(X),(X),(X),(X),(X),(X),(X),(X),(X),(X),(X),(X),(X),(X)
1994,k) 26+,(X),(X),(X),(X),(X),(X),(X),(X),(X),(X),(X),(X),(X),(X),(X),(X),(X),(X),(X),(X),(X),(X),(X),(X)
1994,l) Left Censored,1049798,1996875,58593305,58638451,92221,4.574,131051,6.5,6642806,1793057,4849749,3.058,11.328,6731276,1921512,4809764,3.277,11.479,-88470,-0.151,22.657,52495,57640,441431
1995,a) 0,495004,500464,2787258,1393642,500464,199.999,(X),(X),2787260,2787258,(X),199.998,199.998,(X),(X),(X),(X),(X),2787236,199.997,(X),(X),(X),(X)
1995,b) 1,365411,372227,2675689,2668799,1692,0.397,110146,25.828,803970,37540,766430,1.407,30.125,783558,458395,325163,17.176,29.36,20412,0.765,58.72,89899,90021,394026
1995,c) 2,299621,306434,2417670,2437466,11386,3.445,59500,18.004,584045,74677,509368,3.064,23.961,620767,323267,297500,13.262,25.468,-36722,-1.507,47.922,48895,49060,280397
1995,d) 3,256799,267052,2369755,2394480,10556,3.734,41918,14.826,474035,62623,411412,2.615,19.797,521573,241586,279987,10.089,21.782,-47538,-1.985,39.594,33775,34286,207295
1995,e) 4,233965,244315,2098623,2115614,9598,3.749,33022,12.898,400817,52610,348207,2.487,18.946,433260,186443,246817,8.813,20.479,-32443,-1.534,37.891,26403,26848,157669
1995,f) 5,225108,237671,2213840,2214607,9907,4.003,29572,11.948,417276,66300,350976,2.994,18.842,417614,170181,247433,7.684,18.857,-338,-0.015,37.684,23021,23571,139688
1995,g) 6 to 10,917479,1008840,11765238,11728641,39911,3.843,99184,9.551,1897612,365794,1531818,3.119,16.179,1822548,660787,1161761,5.634,15.539,75064,0.64,31.079,74268,76788,508186
1995,h) 11 to 15,596756,680772,8652703,8610715,21869,3.145,51138,7.354,1238825,240215,998610,2.79,14.387,1154510,360155,794355,4.183,13.408,84315,0.979,26.816,36103,37871,241327
1995,i) 16 to 20,282126,341927,4859001,4822735,10546,3.023,24434,7.004,674471,143543,530928,2.976,13.985,601430,180031,421399,3.733,12.471,73041,1.515,24.941,16361,17412,108030
1995,j) 21 to 25,(X),(X),(X),(X),(X),(X),(X),(X),(X),(X),(X),(X),(X),(X),(X),(X),(X),(X),(X),(X),(X),(X),(X),(X)
1995,k) 26+,(X),(X),(X),(X),(X),(X),(X),(X),(X),(X),(X),(X),(X),(X),(X),(X),(X),(X),(X),(X),(X),(X),(X),(X)
1995,l) Left Censored,1001222,1961371,59208644,58906863,90687,4.582,126593,6.396,6819844,1846106,4973738,3.134,11.577,6208618,1732971,4475647,2.942,10.54,611226,1.038,21.079,49923,55827,430714
1996,a) 0,493286,495285,2798501,1399253,495285,199.999,(X),(X),2798501,2798501,(X),200,200,(X),(X),(X),(X),(X),2798496,199.999,(X),(X),(X),(X)
1996,b) 1,378459,386485,2709646,2732488,2728,0.616,115753,26.129,795903,38848,757055,1.422,29.127,832574,472873,359701,17.306,30.469,-36671,-1.342,58.255,94667,94848,406143
1996,c) 2,312938,321844,2580166,2633730,12182,3.511,62334,17.968,581400,69539,511861,2.64,22.075,689240,337560,351680,12.817,26.17,-107840,-4.095,44.15,51080,51258,288035
1996,d) 3,264622,272965,2288861,2334030,10790,3.727,43885,15.158,466730,64312,402418,2.755,19.997,556205,254835,301370,10.918,23.83,-89475,-3.833,39.993,36041,36163,218708
1996,e) 4,231033,242463,2286518,2332895,9669,3.8,33656,13.227,404029,66052,337977,2.831,17.319,496526,200255,296271,8.584,21.284,-92497,-3.965,34.638,27017,27392,166849
1996,f) 5,213145,224622,2021454,2051163,8923,3.81,28097,11.997,358099,60559,297540,2.952,17.458,417603,170494,247109,8.312,20.359,-59504,-2.901,34.917,22325,22687,143736
1996,g) 6 to 10,911905,1001343,11488632,11601253,37846,3.662,102035,9.873,1745567,349388,1396179,3.012,15.046,1970906,689307,1281599,5.942,16.989,-225339,-1.942,30.093,76758,79454,532546
1996,h) 11 to 15,618200,707693,9152196,9205245,21703,2.997,54722,7.556,1241296,264197,977099,2.87,13.485,1345287,410393,934894,4.458,14.614,-103991,-1.13,26.969,38975,40989,281497
1996,i) 16 to 20,356700,433929,6162244,6180453,13099,2.958,30957,6.99,797210,184324,612886,2.982,12.899,833198,241097,592101,3.901,13.481,-35988,-0.582,25.798,21000,22368,148497
1996,j) 21 to 25,(X),(X),(X),(X),(X),(X),(X),(X),(X),(X),(X),(X),(X),(X),(X),(X),(X),(X),(X),(X),(X),(X),(X),(X)
1996,k) 26+,(X),(X),(X),(X),(X),(X),(X),(X),(X),(X),(X),(X),(X),(X),(X),(X),(X),(X),(X),(X),(X),(X),(X),(X)
1996,l) Left Censored,941112,1913204,58564429,58686656,89665,4.641,127218,6.585,6576845,1875218,4701627,3.195,11.207,6821646,1868072,4953574,3.183,11.624,-244801,-0.417,22.413,48587,53893,444064
1997,a) 0,494473,502951,2808769,1404389,502951,199.999,(X),(X),2808769,2808769,(X),199.999,199.999,(X),(X),(X),(X),(X),2808760,199.999,(X),(X),(X),(X)
1997,b) 1,375662,385008,2761131,2755902,7650,1.739,117255,26.66,876555,109569,766986,3.976,31.806,855034,497529,357505,18.053,31.026,21521,0.781,62.051,96433,96537,430461
1997,c) 2,322267,333566,2625320,2660454,13844,3.845,66767,18.545,643041,94363,548678,3.547,24.17,712983,373320,339663,14.032,26.799,-69942,-2.629,48.341,55049,55281,323809
1997,d) 3,275136,286466,2526449,2566068,11907,3.913,47611,15.645,557376,88217,469159,3.438,21.721,635063,299470,335593,11.67,24.748,-77687,-3.027,43.442,38983,39155,256913
1997,e) 4,237268,256070,2397382,2431174,11061,4.121,35721,13.309,463782,91304,372478,3.756,19.076,529450,228530,300920,9.4,21.778,-65668,-2.701,38.153,29064,29214,190339
1997,f) 5,209858,222413,2248569,2269881,8877,3.818,29039,12.49,413177,76919,336258,3.389,18.203,454458,193121,261337,8.508,20.021,-41281,-1.819,36.405,22969,23333,160107
1997,g) 6 to 10,890485,972809,10999753,11058180,37379,3.712,105517,10.48,1862036,358951,1503085,3.246,16.839,1979533,747811,1231722,6.763,17.901,-117497,-1.063,33.677,77892,80489,554728
1997,h) 11 to 15,646530,741738,10107301,10082516,24726,3.25,62790,8.253,1614850,355131,1259719,3.522,16.016,1565592,527850,1037742,5.235,15.528,49258,0.489,31.056,41788,44234,319038
1997,i) 16 to 20,430091,523624,7867125,7839704,16684,3.115,40809,7.618,1147323,265735,881588,3.39,14.635,1091223,335082,756141,4.274,13.919,56100,0.716,27.838,25149,26948,198398
1997,j) 21 to 25,(X),(X),(X),(X),(X),(X),(X),(X),(X),(X),(X),(X),(X),(X),(X),(X),(X),(X),(X),(X),(X),(X),(X),(X)
1997,k) 26+,(X),(X),(X),(X),(X),(X),(X),(X),(X),(X),(X),(X),(X),(X),(X),(X),(X),(X),(X),(X),(X),(X),(X),(X)
1997,l) Left Censored,894542,1853720,58882664,58734055,101313,5.389,153917,8.187,7847143,2183696,5663447,3.718,13.36,7530337,2476699,5053638,4.217,12.821,316806,0.539,25.642,46777,53830,474991
1998,a) 0,477219,479615,2781457,1390740,479615,199.998,(X),(X),2781458,2781457,(X),199.998,199.998,(X),(X),(X),(X),(X),2781435,199.997,(X),(X),(X),(X)
1998,b) 1,383044,392395,2864696,2838915,976,0.218,111146,24.838,847526,17834,829692,0.628,29.854,787037,439894,347143,15.495,27.723,60489,2.131,55.446,88124,88416,362138
1998,c) 2,323046,332818,2696931,2728735,11347,3.163,63226,17.624,608891,64186,544705,2.352,22.314,669739,319361,350378,11.704,24.544,-60848,-2.23,44.628,49988,50184,261818
1998,d) 3,285830,297978,2565985,2597889,10815,3.423,46824,14.819,534142,68337,465805,2.63,20.561,597122,254209,342913,9.785,22.985,-62980,-2.424,41.121,36411,36647,202554
1998,e) 4,248446,260126,2481570,2496838,9572,3.504,35593,13.031,505824,94731,411093,3.794,20.259,532095,211266,320829,8.461,21.311,-26271,-1.052,40.517,27430,27721,167964
1998,f) 5,216623,237287,2407430,2415687,8261,3.339,28451,11.501,451983,74327,377656,3.077,18.71,464186,171303,292883,7.091,19.215,-12203,-0.505,37.421,21682,22179,138086
1998,g) 6 to 10,880116,952180,10759738,10784939,32036,3.255,95964,9.751,1786610,275635,1510975,2.556,16.566,1836599,643036,1193563,5.962,17.029,-49989,-0.464,33.132,69557,71668,468353
1998,h) 11 to 15,673198,779368,11406184,11388710,24056,3.016,60347,7.567,1698012,389996,1308016,3.424,14.91,1663874,568754,1095120,4.994,14.61,34138,0.3,29.22,39760,41712,292356
1998,i) 16 to 20,428199,516080,7885100,7870188,14641,2.779,36317,6.892,1057906,210226,847680,2.671,13.442,1028334,286051,742283,3.635,13.066,29572,0.376,26.132,22683,24121,157034
1998,j) 21 to 25,77480,100860,1817748,1817999,3330,3.236,7436,7.226,253855,62632,191223,3.445,13.963,252231,73464,178767,4.041,13.874,1624,0.089,27.748,4229,4813,36628
1998,k) 26+,(X),(X),(X),(X),(X),(X),(X),(X),(X),(X),(X),(X),(X),(X),(X),(X),(X),(X),(X),(X),(X),(X),(X),(X)
1998,l) Left Censored,860281,1839992,60055889,59779860,107341,5.801,128290,6.933,7462871,2087702,5375169,3.492,12.484,6886015,2067547,4818468,3.459,11.519,576856,0.965,23.038,40519,45837,390956
1999,a) 0,451320,455001,2466648,1233324,455001,200,(X),(X),2466648,2466648,(X),200,200,(X),(X),(X),(X),(X),2466648,200,(X),(X),(X),(X)
1999,b) 1,368649,372519,2768907,2776162,1956,0.459,108996,25.584,780192,42503,737689,1.531,28.103,787128,443710,343418,15.983,28.353,-6936,-0.25,56.207,85887,85963,365744
1999,c) 2,330378,341242,2784703,2813772,13380,3.647,64725,17.64,657394,99726,557668,3.544,23.363,711632,358211,353421,12.731,25.291,-54238,-1.928,46.727,50616,51158,289678
1999,d) 3,286901,297511,2629094,2658217,12334,3.914,47524,15.082,536131,83558,452573,3.143,20.169,593078,277562,315516,10.442,22.311,-56947,-2.142,40.338,36899,37389,218967
1999,e) 4,258450,270950,2512509,2537682,11161,3.924,38057,13.382,498243,90554,407689,3.568,19.634,547167,241220,305947,9.506,21.562,-48924,-1.928,39.268,28888,29501,191981
1999,f) 5,227484,240617,2456718,2473146,10523,4.203,30050,12.002,462957,83349,379608,3.37,18.719,494235,194530,299705,7.866,19.984,-31278,-1.265,37.439,22719,23329,152167
1999,g) 6 to 10,874859,949935,10735569,10820747,34614,3.523,99790,10.157,1728980,318737,1410243,2.946,15.978,1900314,740110,1160204,6.84,17.562,-171334,-1.583,31.957,70839,73465,505534
1999,h) 11 to 15,686917,796668,11896155,11912118,26472,3.248,63233,7.758,1684405,371118,1313287,3.115,14.14,1715057,543980,1171077,4.567,14.398,-30652,-0.257,28.281,41807,44111,315080
1999,i) 16 to 20,427120,511217,8009730,8027655,14960,2.867,36122,6.923,1058114,242782,815332,3.024,13.181,1096247,321447,774800,4.004,13.656,-38133,-0.475,26.362,23359,24943,182176
1999,j) 21 to 25,150970,199741,3445506,3446213,6938,3.423,12807,6.319,446517,110329,336188,3.201,12.957,450573,123121,327452,3.573,13.074,-4056,-0.118,25.913,8068,8673,69601
1999,k) 26+,(X),(X),(X),(X),(X),(X),(X),(X),(X),(X),(X),(X),(X),(X),(X),(X),(X),(X),(X),(X),(X),(X),(X),(X)
1999,l) Left Censored,819888,1817960,60363034,60271337,103687,5.669,125977,6.887,7401799,2196333,5205466,3.644,12.281,7217833,2192243,5025590,3.637,11.976,183966,0.305,23.951,39492,45319,435007
2000,a) 0,446304,451024,2554161,1277088,451024,199.999,(X),(X),2554159,2554159,(X),199.999,199.999,(X),(X),(X),(X),(X),2554142,199.997,(X),(X),(X),(X)
2000,b) 1,347095,351482,2585426,2525563,1002,0.249,104063,25.821,804175,21106,783069,0.836,31.841,674998,395373,279625,15.655,26.727,129177,5.115,53.453,81670,81815,321172
2000,c) 2,318681,323456,2819358,2784086,13053,3.752,61858,17.783,682475,83999,598476,3.017,24.513,610604,303488,307116,10.901,21.932,71871,2.581,43.864,48478,48563,249089
2000,d) 3,293173,304631,2818476,2807123,11997,3.715,48592,15.047,615241,82317,532924,2.932,21.917,591183,276464,314719,9.849,21.06,24058,0.857,42.12,37218,37736,221553
2000,e) 4,258464,269665,2654753,2643713,10091,3.559,37907,13.368,537848,90325,447523,3.417,20.344,512566,227701,284865,8.613,19.388,25282,0.956,38.776,28495,29123,173428
2000,f) 5,235238,248944,2518157,2502590,9805,3.774,31571,12.151,494270,69006,425264,2.757,19.75,462224,189535,272689,7.574,18.47,32046,1.281,36.94,23466,23959,144275
2000,g) 6 to 10,876574,948663,11082155,11069027,31942,3.251,99856,10.162,1858228,319488,1538740,2.886,16.788,1829029,688594,1140435,6.221,16.524,29199,0.264,33.048,70944,73523,484142
2000,h) 11 to 15,668460,772881,11860246,11830909,24500,3.09,64739,8.164,1745848,343199,1402649,2.901,14.757,1677999,595329,1082670,5.032,14.183,67849,0.573,28.366,41834,44338,311502
2000,i) 16 to 20,458898,550297,8678468,8664053,15136,2.692,39004,6.937,1197442,272454,924988,3.145,13.821,1165967,393109,772858,4.537,13.458,31475,0.363,26.915,24072,25814,192620
2000,j) 21 to 25,217529,284728,5107606,5063692,8807,3.039,19043,6.57,694106,204055,490051,4.03,13.708,609321,181363,427958,3.582,12.033,84785,1.674,24.066,11573,12690,87261
2000,k) 26+,(X),(X),(X),(X),(X),(X),(X),(X),(X),(X),(X),(X),(X),(X),(X),(X),(X),(X),(X),(X),(X),(X),(X),(X)
2000,l) Left Censored,782303,1796362,60989087,60876399,103071,5.698,128275,7.091,7541428,2131006,5410422,3.501,12.388,7339933,2343764,4996169,3.85,12.057,201495,0.331,24.114,37093,42973,404685
2001,a) 0,437110,441357,2461143,1230574,441357,200,(X),(X),2461143,2461143,(X),200,200,(X),(X),(X),(X),(X),2461139,199.999,(X),(X),(X),(X)
2001,b) 1,340549,346476,2540741,2543647,1586,0.398,105511,26.481,760660,24630,736030,0.968,29.904,758853,431662,327191,16.97,29.833,1807,0.071,59.667,82095,82291,347114
2001,c) 2,297707,303370,2470395,2512486,12792,3.911,60216,18.41,567438,76761,490677,3.055,22.585,650189,323574,326615,12.879,25.878,-82751,-3.294,45.169,46937,47057,253287
2001,d) 3,281975,288217,2721846,2767550,12849,4.206,47366,15.506,546711,80854,465857,2.922,19.754,638074,285236,352838,10.306,23.056,-91363,-3.301,39.509,36493,36613,225412
2001,e) 4,264949,276556,2655728,2729895,11931,4.107,39863,13.721,493207,84030,409177,3.078,18.067,641219,265290,375929,9.718,23.489,-148012,-5.422,36.134,29809,30333,198426
2001,f) 5,236088,248089,2613655,2638708,10293,3.972,32382,12.496,472045,73618,398427,2.79,17.889,519234,211171,308063,8.003,19.678,-47189,-1.788,35.779,24200,24594,156205
2001,g) 6 to 10,888895,962362,11102241,11292030,37517,3.771,102642,10.317,1715981,328781,1387200,2.912,15.196,2098725,753341,1345384,6.671,18.586,-382744,-3.39,30.393,72112,74656,527988
2001,h) 11 to 15,665960,766885,11423362,11576677,26044,3.313,64629,8.221,1499011,323418,1175593,2.794,12.949,1806741,592764,1213977,5.12,15.607,-307730,-2.658,25.897,42210,44567,345548
2001,i) 16 to 20,477814,573680,9305288,9374908,18123,3.096,41461,7.083,1206488,304677,901811,3.25,12.869,1337505,433405,904100,4.623,14.267,-131017,-1.398,25.739,24801,26775,205312
2001,j) 21 to 25,277730,362950,6518131,6550117,12685,3.434,25541,6.915,826150,243573,582577,3.719,12.613,890961,275594,615367,4.207,13.602,-64811,-0.989,25.226,14504,16402,120947
2001,k) 26+,(X),(X),(X),(X),(X),(X),(X),(X),(X),(X),(X),(X),(X),(X),(X),(X),(X),(X),(X),(X),(X),(X),(X),(X)
2001,l) Left Censored,744383,1775683,60238118,60635127,108777,6.09,129629,7.258,7234365,2312765,4921600,3.814,11.931,8023446,2508993,5514453,4.138,13.232,-789081,-1.301,23.862,34560,41335,424559
2002,a) 0,455633,461343,3033749,1516882,461343,199.999,(X),(X),3033750,3033749,(X),199.999,199.999,(X),(X),(X),(X),(X),3033735,199.998,(X),(X),(X),(X)
2002,b) 1,331727,339279,2327908,2400567,3925,1.005,106736,27.32,647547,63562,583985,2.648,26.975,787482,425828,361654,17.739,32.804,-139935,-5.829,53.95,80047,80193,336310
2002,c) 2,291199,299810,2341229,2441254,15904,4.919,62942,19.467,531501,104146,427355,4.266,21.772,731085,348113,382972,14.26,29.947,-199584,-8.175,43.543,46937,47196,275789
2002,d) 3,262882,272157,2264606,2361528,15289,5.31,46878,16.28,466092,111466,354626,4.72,19.737,659436,268894,390542,11.386,27.924,-193344,-8.187,39.474,34650,34880,212498
2002,e) 4,253523,264544,2536832,2622957,15877,5.74,39991,14.458,489814,129524,360290,4.938,18.674,662501,255227,407274,9.731,25.258,-172687,-6.584,37.348,29194,29312,194801
2002,f) 5,240091,254400,2460180,2557000,13336,5.021,35734,13.454,452307,110583,341724,4.325,17.689,645475,241843,403632,9.458,25.243,-193168,-7.554,35.378,25243,25546,178096
2002,g) 6 to 10,904908,986181,11072243,11458551,48488,4.761,112816,11.078,1767114,462084,1305030,4.033,15.422,2534991,835254,1699737,7.289,22.123,-767877,-6.701,30.844,75750,77634,561440
2002,h) 11 to 15,648184,740988,10175460,10505936,30600,4.017,71989,9.451,1442439,336219,1106220,3.2,13.73,2108791,702028,1406763,6.682,20.072,-666352,-6.343,27.46,43842,46143,430056
2002,i) 16 to 20,500268,603198,9664348,9980810,22401,3.631,49925,8.092,1273676,327507,946169,3.281,12.761,1912687,651425,1261262,6.527,19.164,-639011,-6.402,25.522,28610,30334,295987
2002,j) 21 to 25,334272,437675,7747441,7965105,17621,3.937,37481,8.374,1026855,306069,720786,3.843,12.892,1466245,483006,983239,6.064,18.408,-439390,-5.516,25.784,19810,21390,235033
2002,k) 26+,(X),(X),(X),(X),(X),(X),(X),(X),(X),(X),(X),(X),(X),(X),(X),(X),(X),(X),(X),(X),(X),(X),(X),(X)
2002,l) Left Censored,709092,1735154,58223990,59513132,114335,6.498,163148,9.272,7415638,2464806,4950832,4.142,12.461,9994789,3182445,6812344,5.347,16.794,-2579151,-4.334,24.921,39471,46221,702724
2003,a) 0,471012,473863,2604739,1302372,473863,200,(X),(X),2604739,2604739,(X),200,200,(X),(X),(X),(X),(X),2604734,199.999,(X),(X),(X),(X)
2003,b) 1,353782,360848,2974676,2995438,2087,0.508,102095,24.85,718815,35373,683442,1.181,23.997,752733,415146,337587,13.859,25.129,-33918,-1.132,47.994,81101,81312,349595
2003,c) 2,291437,299401,2282042,2299219,16036,5.025,55482,17.386,523281,76332,446949,3.32,22.759,554120,270843,283277,11.78,24.1,-30839,-1.341,45.518,44757,44997,227104
2003,d) 3,262173,271806,2274222,2306649,15047,5.267,42837,14.994,479935,80174,399761,3.476,20.807,543846,245103,298743,10.626,23.577,-63911,-2.771,41.613,34431,34692,199889
2003,e) 4,240540,250523,2236714,2249481,13112,5.019,34572,13.233,458392,69903,388489,3.108,20.378,483439,202269,281170,8.992,21.491,-25047,-1.113,40.755,27627,27810,167001
2003,f) 5,234013,246684,2414258,2471092,12550,4.908,30638,11.981,428313,72999,355314,2.954,17.333,538988,220245,318743,8.913,21.812,-110675,-4.479,34.666,24399,24553,160095
2003,g) 6 to 10,936924,1019619,11302800,11371215,47040,4.485,105470,10.056,1973742,357486,1616256,3.144,17.357,2107085,730903,1376182,6.428,18.53,-133343,-1.173,34.715,79409,80923,531435
2003,h) 11 to 15,643484,727313,9671865,9707234,26732,3.596,58901,7.923,1459246,260744,1198502,2.686,15.033,1530706,474438,1056268,4.887,15.769,-71460,-0.736,30.065,41270,42732,306974
2003,i) 16 to 20,520549,633819,10627576,10665164,21792,3.381,43360,6.727,1365747,244757,1120990,2.295,12.806,1438780,429998,1008782,4.032,13.49,-73033,-0.685,25.611,27249,28733,205634
2003,j) 21 to 25,333785,427599,7479890,7495380,14019,3.225,28192,6.486,965954,215064,750890,2.869,12.887,996487,283650,712837,3.784,13.295,-30533,-0.407,25.775,16825,18157,127294
2003,k) 26+,60073,85019,1684275,1692682,2745,3.179,5409,6.264,213844,48187,165657,2.847,12.633,229340,59669,169671,3.525,13.549,-15496,-0.915,25.267,2907,3271,25968
2003,l) Left Censored,681965,1706110,57272097,57781782,98997,5.755,126985,7.382,6592796,1970012,4622784,3.409,11.41,7630298,2228358,5401940,3.857,13.205,-1037502,-1.796,22.82,29718,33877,288395
2004,a) 0,504646,507588,2795117,1397562,507588,199.999,(X),(X),2795118,2795117,(X),200,200,(X),(X),(X),(X),(X),2795113,199.999,(X),(X),(X),(X)
2004,b) 1,361282,364838,2626959,2636361,630,0.15,109709,26.16,724928,18877,706051,0.716,27.497,736908,427695,309213,16.223,27.952,-11980,-0.454,54.995,85841,85887,354806
2004,c) 2,304716,312349,2872911,2928716,11471,3.405,60631,17.995,538634,58232,480402,1.988,18.391,648631,315674,332957,10.779,22.147,-109997,-3.756,36.783,47422,47617,260377
2004,d) 3,257424,265440,2225860,2250418,10162,3.598,44110,15.619,433521,49103,384418,2.182,19.264,479869,223641,256228,9.938,21.324,-46348,-2.06,38.528,33850,34314,186270
2004,e) 4,235034,244768,2210307,2238781,9637,3.732,36523,14.145,396022,53399,342623,2.385,17.689,453245,203244,250001,9.078,20.245,-57223,-2.556,35.378,27600,27930,160034
2004,f) 5,217062,227762,2163282,2200314,8578,3.584,31732,13.258,372760,52221,320539,2.373,16.941,448096,185243,262853,8.419,20.365,-75336,-3.424,33.882,23781,24109,149223
2004,g) 6 to 10,939750,1016318,11309380,11455985,36612,3.471,113612,10.771,1752122,263891,1488231,2.304,15.294,2044848,774929,1269919,6.764,17.85,-292726,-2.555,30.589,82641,84989,561556
2004,h) 11 to 15,636216,719264,9625767,9667977,20273,2.74,61517,8.314,1330374,219028,1111346,2.265,13.761,1415194,456772,958422,4.725,14.638,-84820,-0.877,27.521,42561,43528,288119
2004,i) 16 to 20,528332,647869,10927559,11016377,18068,2.73,46005,6.951,1302867,243889,1058978,2.214,11.827,1487287,426430,1060857,3.871,13.501,-184420,-1.674,23.653,28893,30223,213040
2004,j) 21 to 25,332798,419044,7463982,7511687,10358,2.422,27699,6.476,807235,131014,676221,1.744,10.746,904110,266359,637751,3.546,12.036,-96875,-1.29,21.493,17318,18932,139552
2004,k) 26+,117445,168903,3270831,3263296,4712,2.745,10252,5.972,385801,105882,279919,3.245,11.822,371262,96463,274799,2.956,11.377,14539,0.446,22.754,6083,6365,42719
2004,l) Left Censored,652237,1678886,56873996,57087515,94606,5.591,121161,7.16,6417863,1811554,4606309,3.173,11.242,6865452,2264742,4600710,3.967,12.026,-447589,-0.784,22.484,29124,33566,325272
2005,a) 0,518883,524310,2939204,1469611,524310,199.999,(X),(X),2939205,2939204,(X),199.999,199.999,(X),(X),(X),(X),(X),2939188,199.998,(X),(X),(X),(X)
2005,b) 1,388155,392468,2763971,2772554,1550,0.345,116397,25.872,772680,38850,733830,1.401,27.869,781501,438551,342950,15.818,28.187,-8821,-0.318,55.738,90371,90401,361193
2005,c) 2,311121,315645,2478774,2539804,13460,3.956,62611,18.403,539836,72307,467529,2.847,21.255,659311,325582,333729,12.819,25.959,-119475,-4.704,42.51,49621,49769,277454
2005,d) 3,271137,279552,2732920,2789528,11801,3.988,44490,15.036,464173,73456,390717,2.633,16.64,577755,242538,335217,8.695,20.712,-113582,-4.072,33.28,34661,34889,204251
2005,e) 4,232646,241197,2159113,2189381,10651,4.204,34983,13.807,393723,57155,336568,2.611,17.983,453799,180704,273095,8.254,20.727,-60076,-2.744,35.967,26777,27081,146588
2005,f) 5,214508,224821,2149640,2180162,9712,4.135,29802,12.689,366612,64862,301750,2.975,16.816,427958,165199,262759,7.577,19.63,-61346,-2.814,33.632,22637,22981,134337
2005,g) 6 to 10,926618,1002586,11012990,11184026,41035,3.959,108957,10.512,1691054,313594,1377460,2.804,15.12,2031478,708230,1323248,6.333,18.164,-340424,-3.044,30.241,80463,82170,537546
2005,h) 11 to 15,637606,720905,9407477,9527459,24157,3.268,60923,8.241,1302193,263855,1038338,2.769,13.668,1534594,430913,1103681,4.523,16.107,-232401,-2.439,27.336,43024,44389,291308
2005,i) 16 to 20,509919,628268,10520493,10641380,19660,3.067,45192,7.05,1218214,237029,981185,2.227,11.448,1465486,433388,1032098,4.073,13.772,-247272,-2.324,22.896,28948,30551,214049
2005,j) 21 to 25,362681,458907,7937542,8006428,12059,2.585,27375,5.867,877779,185197,692582,2.313,10.963,1019044,275766,743278,3.444,12.728,-141265,-1.764,21.927,17744,18854,156258
2005,k) 26+,169697,240968,4862418,4859128,8379,3.431,14850,6.081,566974,137825,429149,2.836,11.668,564387,135879,428508,2.796,11.615,2587,0.053,23.23,8762,9758,64632
2005,l) Left Censored,624582,1653203,56688235,56879386,91160,5.478,113255,6.805,5907212,1746019,4161193,3.07,10.386,6282409,1824600,4457809,3.208,11.045,-375197,-0.66,20.771,27892,31364,278549
2006,a) 0,541605,543931,2955429,1477749,543931,199.999,(X),(X),2955436,2955429,(X),199.995,199.996,(X),(X),(X),(X),(X),2955373,199.992,(X),(X),(X),(X)
2006,b) 1,399492,407692,2976190,2953485,3155,0.677,119205,25.596,833876,46334,787542,1.569,28.234,779664,434517,345147,14.712,26.398,54212,1.836,52.796,96099,96336,368847
2006,c) 2,336416,342851,2720938,2736782,17798,4.843,67130,18.266,604408,87408,517000,3.194,22.085,634143,311668,322475,11.388,23.171,-29735,-1.086,44.169,54711,54824,267268
2006,d) 3,276211,282843,2437320,2441539,14616,4.886,47206,15.781,511168,96343,414825,3.946,20.936,518029,233132,284897,9.549,21.217,-6861,-0.281,41.873,37971,38055,197454
2006,e) 4,245854,256948,2719467,2724161,13547,5.049,36230,13.504,474426,86471,387955,3.174,17.415,484426,198602,285824,7.29,17.783,-10000,-0.367,34.831,28430,28639,163790
2006,f) 5,212629,222556,2172834,2157670,11016,4.751,29669,12.795,400644,71244,329400,3.302,18.568,370723,152394,218329,7.063,17.182,29921,1.387,34.363,23032,23317,124211
2006,g) 6 to 10,908041,983994,11091763,11073326,48137,4.746,108879,10.734,1832031,387888,1444143,3.503,16.545,1796558,662729,1133829,5.985,16.224,35473,0.32,32.448,81727,83128,512328
2006,h) 11 to 15,642478,734570,9735890,9743280,29907,3.976,65154,8.662,1409523,286928,1122595,2.945,14.467,1420241,452737,967504,4.647,14.577,-10718,-0.11,28.933,46819,48115,300089
2006,i) 16 to 20,506387,627283,10545520,10512587,26457,4.15,46776,7.338,1369577,337128,1032449,3.207,13.028,1304112,365403,938709,3.476,12.405,65465,0.623,24.81,31248,32613,213337
2006,j) 21 to 25,376768,482547,8527790,8508226,17518,3.575,32356,6.604,1022215,254717,767498,2.994,12.014,980172,284220,695952,3.341,11.52,42043,0.494,23.041,20268,21452,133314
2006,k) 26+,216671,309528,6328332,6265667,13394,4.277,20608,6.581,834579,301289,533290,4.809,13.32,709704,214620,495084,3.425,11.327,124875,1.993,22.654,12025,12841,84399
2006,l) Left Censored,594278,1653406,57279413,57055215,105421,6.375,105984,6.409,6482772,1925602,4557170,3.375,11.362,6050481,1710039,4340442,2.997,10.605,432291,0.758,21.209,28690,32252,262830
2007,a) 0,509874,514764,2697148,1348650,514764,199.998,(X),(X),2697160,2697148,(X),199.989,199.99,(X),(X),(X),(X),(X),2697020,199.979,(X),(X),(X),(X)
2007,b) 1,411312,417407,2775425,2849269,4308,0.898,129491,26.977,754318,62551,691767,2.195,26.474,892516,475450,417066,16.687,31.324,-138198,-4.85,52.948,104023,104097,393095
2007,c) 2,342326,352450,2709913,2825686,15672,4.128,70063,18.455,546915,80970,465945,2.865,19.355,776599,356463,420136,12.615,27.484,-229684,-8.128,38.71,57420,57534,305948
2007,d) 3,296421,304751,2540095,2617389,13990,4.326,51348,15.876,475098,77982,397116,2.979,18.152,629787,289403,340384,11.057,24.062,-154689,-5.91,36.303,41753,41864,246195
2007,e) 4,248566,257802,2306607,2369105,12509,4.626,37706,13.945,401263,72208,329055,3.048,16.937,525271,212254,313017,8.959,22.172,-124008,-5.234,33.875,30170,30323,178286
2007,f) 5,224625,237111,2578785,2638749,10957,4.44,30304,12.28,386091,71402,314689,2.706,14.632,504591,193753,310838,7.343,19.122,-118500,-4.491,29.263,23284,23571,148811
2007,g) 6 to 10,888394,962277,10691210,10844041,43236,4.351,105880,10.656,1608476,313268,1295208,2.889,14.833,1911957,662403,1249554,6.108,17.631,-303481,-2.799,29.666,77349,78990,488167
2007,h) 11 to 15,652779,750604,10007513,10134127,29986,3.895,68412,8.887,1345172,282121,1063051,2.784,13.274,1597075,483225,1113850,4.768,15.759,-251903,-2.486,26.547,45618,46976,301298
2007,i) 16 to 20,493732,603762,9718922,9814588,21720,3.514,50320,8.142,1272931,257760,1015171,2.626,12.97,1470408,438734,1031674,4.47,14.982,-197477,-2.012,25.94,29290,30416,203267
2007,j) 21 to 25,394863,506337,9357713,9444170,17719,3.439,35576,6.904,1153542,255360,898182,2.704,12.214,1330830,405862,924968,4.297,14.092,-177288,-1.877,24.429,19723,20746,169047
2007,k) 26+,262963,379482,7726198,7775829,16084,4.181,26432,6.872,926083,245051,681032,3.151,11.91,1023975,275530,748445,3.543,13.169,-97892,-1.259,23.82,13751,14711,97986
2007,l) Left Censored,567892,1632702,56718114,57024877,107088,6.516,128686,7.83,6737413,1928395,4809018,3.382,11.815,7353572,2255470,5098102,3.955,12.895,-616159,-1.081,23.63,25338,28372,270571
2008,a) 0,472188,477810,2537021,1268586,477810,200,(X),(X),2537030,2537021,(X),199.988,199.989,(X),(X),(X),(X),(X),2536888,199.978,(X),(X),(X),(X)
2008,b) 1,382851,389080,2553370,2623784,1781,0.394,126948,28.107,662496,22857,639639,0.871,25.25,793745,436716,357029,16.645,30.252,-131249,-5.002,50.499,101215,101359,366111
2008,c) 2,339981,347822,2517005,2641571,12109,3.166,81391,21.281,498735,56370,442365,2.134,18.88,748289,366755,381534,13.884,28.327,-249554,-9.447,37.76,65133,65279,308821
2008,d) 3,293854,305028,2530066,2612924,9800,2.983,56872,17.309,446529,64915,381614,2.484,17.089,612549,277097,335452,10.605,23.443,-166020,-6.354,34.178,45877,45971,233829
2008,e) 4,259743,269210,2383024,2454405,9470,3.301,44783,15.611,391836,55016,336820,2.242,15.965,534719,228655,306064,9.316,21.786,-142883,-5.821,31.929,35767,35945,192757
2008,f) 5,221652,232105,2153046,2228236,8663,3.536,34452,14.062,337203,57226,279977,2.568,15.133,488191,205236,282955,9.211,21.909,-150988,-6.776,30.266,26746,26859,163557
2008,g) 6 to 10,866301,938380,10638823,10847433,33308,3.41,109855,11.248,1499822,249918,1249904,2.304,13.827,1916947,672557,1244390,6.2,17.672,-417125,-3.845,27.653,81516,82928,513705
2008,h) 11 to 15,661694,759632,10075840,10252198,23387,2.982,72521,9.248,1292173,243840,1048333,2.378,12.604,1645829,503648,1142181,4.913,16.053,-353656,-3.45,25.208,48620,50488,324804
2008,i) 16 to 20,481159,577392,9034675,9123458,16630,2.807,46905,7.916,1138122,209331,928791,2.294,12.475,1320552,396565,923987,4.347,14.474,-182430,-2,24.949,29632,30857,206139
2008,j) 21 to 25,404612,525072,10138969,10201576,14639,2.727,38047,7.088,1136899,243633,893266,2.388,11.144,1266305,346901,919404,3.4,12.413,-129406,-1.268,22.289,21419,22532,157528
2008,k) 26+,306173,440504,8962110,9009624,14317,3.194,29838,6.656,1054550,259131,795419,2.876,11.705,1149308,312903,836405,3.473,12.756,-94758,-1.052,23.409,16350,17483,126820
2008,l) Left Censored,542994,1616697,56169255,56454410,89768,5.522,107655,6.622,5961923,1616988,4344935,2.864,10.561,6546518,1721535,4824983,3.049,11.596,-584595,-1.036,21.121,23827,26999,263636
2009,a) 0,396234,401706,2199021,1099521,401706,199.999,(X),(X),2199023,2199021,(X),199.998,199.998,(X),(X),(X),(X),(X),2199003,199.996,(X),(X),(X),(X)
2009,b) 1,352245,358899,2269302,2418700,1372,0.326,124379,29.586,540628,21734,518894,0.899,22.352,829453,443181,386272,18.323,34.293,-288825,-11.941,44.704,97303,97477,366288
2009,c) 2,312686,319492,2222476,2391150,13657,3.854,83426,23.542,402316,56907,345409,2.38,16.825,737460,346461,390999,14.489,30.841,-335144,-14.016,33.65,65165,65529,291820
2009,d) 3,291113,299490,2220674,2375978,13070,4.021,64160,19.739,347137,51434,295703,2.165,14.61,658016,282421,375595,11.887,27.695,-310879,-13.084,29.221,49351,49700,235837
2009,e) 4,256413,267889,2243462,2389369,10160,3.534,49379,17.175,322341,50273,272068,2.104,13.491,612776,246750,366026,10.327,25.646,-290435,-12.155,26.981,37703,38162,204602
2009,f) 5,229331,239440,2108153,2248241,9136,3.583,40272,15.792,276740,43967,232773,1.956,12.309,556332,206114,350218,9.168,24.745,-279592,-12.436,24.618,30300,30637,170276
2009,g) 6 to 10,844782,911450,9640446,10171107,31834,3.331,120447,12.602,1115459,203270,912189,1.999,10.967,2181136,715673,1465463,7.036,21.444,-1065677,-10.477,21.934,86192,87984,546885
2009,h) 11 to 15,658161,753793,9510584,9959792,23350,2.993,76035,9.746,994400,205260,789140,2.061,9.984,1890615,493376,1397239,4.954,18.982,-896215,-8.998,19.968,51441,53109,347041
2009,i) 16 to 20,472164,565679,8095343,8466103,16264,2.798,47490,8.17,790431,185466,604965,2.191,9.336,1534695,367519,1167176,4.341,18.128,-744264,-8.791,18.673,30802,31928,219818
2009,j) 21 to 25,407626,532242,9902175,10288192,14320,2.63,38712,7.11,886093,253775,632318,2.467,8.613,1659107,400153,1258954,3.889,16.126,-773014,-7.514,17.225,22494,24197,201580
2009,k) 26+,350373,505724,9846549,10205307,14378,2.791,33103,6.427,849984,220126,629858,2.157,8.329,1570369,353483,1216886,3.464,15.388,-720385,-7.059,16.658,18850,19598,157549
2009,l) Left Censored,520871,1588265,53589119,54905332,84127,5.246,114580,7.146,4698587,1474866,3223721,2.686,8.558,7345417,1713802,5631615,3.121,13.378,-2646830,-4.821,17.115,22315,26571,318162
2010,a) 0,379714,388376,2256809,1128405,388376,200,(X),(X),2256809,2256809,(X),200,200,(X),(X),(X),(X),(X),2256809,200,(X),(X),(X),(X)
2010,b) 1,300134,306725,2046001,2116136,1402,0.396,96033,27.125,491774,19664,472110,0.929,23.239,624996,334969,290027,15.829,29.535,-133222,-6.296,46.478,73192,73295,275018
2010,c) 2,296919,304373,2091826,2171229,15277,4.61,69263,20.902,402787,67835,334952,3.124,18.551,560615,281490,279125,12.965,25.82,-157828,-7.269,37.102,53348,53606,231042
2010,d) 3,272459,280045,2069373,2150251,15046,5.02,54426,18.158,340514,62769,277745,2.919,15.836,501500,233800,267700,10.873,23.323,-160986,-7.487,31.672,41257,41586,195097
2010,e) 4,258687,267767,2063950,2142132,14326,5.049,46306,16.319,323544,62793,260751,2.931,15.104,480906,207369,273537,9.68,22.45,-157362,-7.346,30.208,34332,34797,167863
2010,f) 5,230316,242374,2094093,2170583,11422,4.475,37186,14.568,307679,56405,251274,2.599,14.175,462110,189858,272252,8.747,21.29,-154431,-7.115,28.35,27426,27838,148218
2010,g) 6 to 10,855868,919144,9457532,9725844,39877,4.175,111640,11.69,1201948,246167,955781,2.531,12.358,1738346,565948,1172398,5.819,17.873,-536398,-5.515,24.717,78663,80579,430787
2010,h) 11 to 15,644891,738655,9024882,9250432,27228,3.582,70079,9.22,1012906,215080,797826,2.325,10.95,1463943,412549,1051394,4.46,15.826,-451037,-4.876,21.9,46055,47454,275430
2010,i) 16 to 20,470887,564114,7749373,7959569,18013,3.12,44646,7.732,794546,174257,620289,2.189,9.982,1217314,325251,892063,4.086,15.294,-422768,-5.311,19.965,28115,29466,178345
2010,j) 21 to 25,389988,510915,9226801,9431248,16645,3.199,35459,6.815,846981,195832,651149,2.076,8.981,1259159,312322,946837,3.312,13.351,-412178,-4.37,17.961,20165,21169,125625
2010,k) 26+,418193,598578,11652363,11789969,18541,3.052,36262,5.97,1132540,268594,863946,2.278,9.606,1402109,331396,1070713,2.811,11.892,-269569,-2.286,19.212,19086,20692,139613
2010,l) Left Censored,501696,1559432,51787117,52653952,71556,4.546,100548,6.388,4340086,1142668,3197418,2.17,8.243,6052154,1460887,4591267,2.775,11.494,-1712068,-3.252,16.485,19259,23039,245667
2011,a) 0,396320,398741,2095153,1047577,398741,200,(X),(X),2095153,2095153,(X),200,200,(X),(X),(X),(X),(X),2095153,200,(X),(X),(X),(X)
2011,b) 1,288329,298007,2169845,2220589,1692,0.494,91255,26.621,540116,28002,512114,1.261,24.323,636919,327844,309075,14.764,28.682,-96803,-4.359,48.646,70059,70202,266052
2011,c) 2,258555,266442,1977426,2000065,13691,4.78,53673,18.738,407398,65579,341819,3.279,20.369,453126,222286,230840,11.114,22.656,-45728,-2.286,40.738,41866,41957,183586
2011,d) 3,262718,271211,2025709,2052226,14851,5.161,47932,16.657,372965,63998,308967,3.118,18.174,425215,207095,218120,10.091,20.72,-52250,-2.546,36.347,36849,37045,168059
2011,e) 4,245098,253617,2008837,2036712,14279,5.353,40501,15.184,336283,62329,273954,3.06,16.511,390160,175328,214832,8.608,19.156,-53877,-2.645,33.022,30613,30899,141583
2011,f) 5,234364,244217,2004453,2030440,13381,5.228,36814,14.384,324233,60603,263630,2.985,15.969,375035,160860,214175,7.922,18.471,-50802,-2.502,31.937,27267,27527,127032
2011,g) 6 to 10,873739,937128,9546193,9642204,42639,4.393,109610,11.293,1344863,232643,1112220,2.413,13.948,1533370,573367,960003,5.946,15.903,-188507,-1.955,27.895,78702,80164,422498
2011,h) 11 to 15,629283,718764,9011635,9062755,28748,3.897,66463,9.01,1117179,196765,920414,2.171,12.327,1216587,390216,826371,4.306,13.424,-99408,-1.097,24.654,44275,45612,256978
2011,i) 16 to 20,472754,568793,7937298,7978786,19125,3.289,44559,7.663,901760,162136,739624,2.032,11.302,985760,284086,701674,3.561,12.355,-84000,-1.053,22.604,28671,29888,175550
2011,j) 21 to 25,386285,508365,9092645,9072866,15844,3.059,35144,6.784,1018784,181075,837709,1.996,11.229,980549,292578,687971,3.225,10.807,38235,0.421,21.615,20839,22127,138114
2011,k) 26+,467470,673140,13231124,13269829,21171,3.096,42476,6.212,1280705,247973,1032732,1.869,9.651,1359801,336759,1023042,2.538,10.247,-79096,-0.596,19.303,22803,26946,163646
2011,l) Left Censored,481674,1535901,51915397,51862083,76036,4.916,97394,6.297,5030103,1179875,3850228,2.275,9.699,4913773,1350984,3562789,2.605,9.475,116330,0.224,18.949,19465,22099,178678
2012,a) 0,409207,413865,2256341,1128171,413865,200,(X),(X),2256341,2256341,(X),200,200,(X),(X),(X),(X),(X),2256341,200,(X),(X),(X),(X)
2012,b) 1,308240,313148,2073876,2074618,2791,0.785,87458,24.603,568929,38321,530608,1.847,27.423,565873,313763,252110,15.124,27.276,3056,0.147,54.552,67189,67287,256319
2012,c) 2,251085,261368,2161257,2157059,12621,4.518,48544,17.379,442327,59849,382478,2.775,20.506,433636,218407,215229,10.125,20.103,8691,0.403,40.206,37779,37926,175793
2012,d) 3,232400,240923,1959640,1957474,12140,4.793,36907,14.57,376875,54438,322437,2.781,19.253,372493,183278,189215,9.363,19.029,4382,0.224,38.059,28734,28969,147278
2012,e) 4,239943,249482,2015712,2008098,13186,5.069,34484,13.256,377461,68431,309030,3.408,18.797,363148,172666,190482,8.598,18.084,14313,0.713,36.168,26220,26340,139931
2012,f) 5,226008,235157,2005430,2002253,12368,5.063,30626,12.537,345685,52359,293326,2.615,17.265,339535,152697,186838,7.626,16.958,6150,0.307,33.915,22946,23152,125936
2012,g) 6 to 10,907289,968583,9822727,9823250,44750,4.482,104475,10.464,1446129,224840,1221289,2.289,14.721,1444711,588710,856001,5.993,14.707,1418,0.014,29.414,73222,74867,447887
2012,h) 11 to 15,620817,702384,8850446,8852529,27384,3.809,60659,8.436,1120441,172441,948000,1.948,12.657,1122128,379120,743008,4.283,12.676,-1687,-0.019,25.313,39113,40390,240149
2012,i) 16 to 20,483697,580857,8360160,8345085,19923,3.361,43581,7.353,1021949,172152,849797,2.063,12.246,989944,322260,667684,3.862,11.863,32005,0.384,23.725,26440,27713,190681
2012,j) 21 to 25,379176,489061,8401186,8418042,15306,3.072,33658,6.755,944370,156963,787407,1.865,11.218,976333,290876,685457,3.455,11.598,-31963,-0.38,22.437,18678,19770,128513
2012,k) 26+,520453,746271,15370229,15336658,22569,2.974,47556,6.268,1654341,298921,1355420,1.949,10.787,1583724,436316,1147408,2.845,10.326,70617,0.46,20.653,23496,25134,162360
2012,l) Left Censored,464948,1515029,52249117,52175284,73246,4.793,99518,6.512,5248786,1143921,4104865,2.192,10.06,5101309,1341151,3760158,2.57,9.777,147477,0.283,19.555,16960,21658,193562
2013,a) 0,406293,409156,2146777,1073397,409156,200,(X),(X),2146779,2146777,(X),199.998,199.999,(X),(X),(X),(X),(X),2146763,199.997,(X),(X),(X),(X)
2013,b) 1,318717,324452,2240334,2243505,1601,0.434,90665,24.572,563087,20991,542096,0.936,25.099,561395,318580,242815,14.2,25.023,1692,0.075,50.046,69267,69366,258995
2013,c) 2,268158,273703,2068655,2064806,12106,4.127,51419,17.528,446300,59821,386479,2.897,21.615,437365,219689,217676,10.64,21.182,8935,0.433,42.364,40273,40416,184610
2013,d) 3,224857,235685,2135671,2145220,10640,4.282,36262,14.593,374351,53479,320872,2.493,17.45,393157,178518,214639,8.322,18.327,-18806,-0.877,34.901,28017,28171,144875
2013,e) 4,211640,220981,1938295,1950730,9916,4.293,29896,12.944,316162,43126,273036,2.211,16.207,339463,156887,182576,8.042,17.402,-23301,-1.194,32.415,22901,23045,127242
2013,f) 5,221145,231362,1970696,1981321,10800,4.492,28937,12.035,315640,47085,268555,2.376,15.931,336964,147476,189488,7.443,17.007,-21324,-1.076,31.862,21780,21885,115697
2013,g) 6 to 10,918494,976690,9660257,9710065,43839,4.357,102961,10.232,1363330,234973,1128357,2.42,14.04,1461378,555152,906226,5.717,15.05,-98048,-1.01,28.081,73991,74896,415064
2013,h) 11 to 15,618428,698045,9022930,9044253,25863,3.621,58458,8.183,1131254,195990,935264,2.167,12.508,1175469,396900,778569,4.388,12.997,-44215,-0.489,25.016,38873,39854,263529
2013,i) 16 to 20,495695,595075,8613704,8622453,19516,3.215,43255,7.127,995573,207924,787649,2.411,11.546,1009661,311043,698618,3.607,11.71,-14088,-0.163,23.093,27527,28383,191098
2013,j) 21 to 25,372688,471384,7931834,7911667,15347,3.2,31911,6.653,957521,198436,759085,2.508,12.103,915835,284107,631728,3.591,11.576,41686,0.527,23.152,18910,19613,130962
2013,k) 26+,565303,822006,17512930,17468764,24851,2.978,49752,5.962,1851042,352618,1498424,2.019,10.596,1765517,503716,1261801,2.884,10.107,85525,0.49,20.213,26950,28368,198281
2013,l) Left Censored,446904,1499037,52542399,52484019,77620,5.148,94872,6.293,5093985,1352073,3741912,2.576,9.706,4983361,1369015,3614346,2.608,9.495,110624,0.211,18.99,17501,19820,188737
2014,a) 0,413145,418705,2285552,1142776,418705,200,(X),(X),2285552,2285552,(X),200,200,(X),(X),(X),(X),(X),2285552,200,(X),(X),(X),(X)
2014,b) 1,316655,320704,2156047,2160299,1305,0.358,89531,24.541,573552,22583,550969,1.045,26.55,575022,316134,258888,14.634,26.618,-1470,-0.068,53.099,68425,68505,258942
2014,c) 2,277407,284214,2254569,2245978,12580,4.132,53018,17.415,458497,56494,402003,2.515,20.414,440060,221663,218397,9.869,19.593,18437,0.821,39.187,41371,41621,181972
2014,d) 3,239712,246008,2049676,2056614,10521,4.048,38352,14.755,367314,47520,319794,2.311,17.86,381036,181290,199746,8.815,18.527,-13722,-0.667,35.72,29939,30190,151401
2014,e) 4,204429,216175,2130636,2128944,9619,4.259,28966,12.825,360100,53611,306489,2.518,16.914,355368,156823,198545,7.366,16.692,4732,0.222,33.384,22289,22588,121206
2014,f) 5,194508,205090,1936701,1936559,9195,4.317,25003,11.739,308171,45569,262602,2.353,15.913,306566,127492,179074,6.583,15.83,1605,0.083,31.661,18961,19215,101826
2014,g) 6 to 10,928281,987134,9850033,9841608,41868,4.119,100720,9.908,1406285,232567,1173718,2.363,14.289,1388693,533384,855309,5.42,14.11,17592,0.179,28.221,73256,74424,407435
2014,h) 11 to 15,619416,696560,8890806,8908229,25951,3.648,55402,7.789,1063940,186964,876976,2.099,11.943,1097425,361007,736418,4.053,12.319,-33485,-0.376,23.887,38175,39223,266308
2014,i) 16 to 20,503470,605628,8983194,8953650,21340,3.463,42606,6.914,1057231,211347,845884,2.36,11.808,997315,303292,694023,3.387,11.139,59916,0.669,22.277,27387,28556,170549
2014,j) 21 to 25,370486,465071,7702957,7721943,13513,2.857,29350,6.205,873759,179525,694234,2.325,11.315,921042,301127,619915,3.9,11.928,-47283,-0.612,22.631,18594,19288,121261
2014,k) 26+,607272,894772,19434186,19351295,29738,3.285,51000,5.633,2011301,460097,1551204,2.378,10.394,1837079,489699,1347380,2.531,9.493,174222,0.9,18.987,28948,30386,195598
2014,l) Left Censored,430632,1493388,52658953,52589797,78499,5.246,84294,5.634,4850026,1284591,3565435,2.443,9.222,4716840,1267916,3448924,2.411,8.969,133186,0.253,17.938,16511,18393,158722
2015,a) 0,422081,426857,2317771,1158886,426857,200,(X),(X),2317770,2317770,(X),200,200,(X),(X),(X),(X),(X),2317767,200,(X),(X),(X),(X)
2015,b) 1,324967,331764,2311515,2289537,1581,0.422,87914,23.448,598303,28157,570146,1.23,26.132,548289,303578,244711,13.259,23.948,50014,2.184,47.895,67538,67652,249760
2015,c) 2,277176,282715,2137002,2139869,13223,4.383,51134,16.95,443268,62028,381240,2.899,20.715,447903,235881,212022,11.023,20.931,-4635,-0.217,41.429,40102,40173,196569
2015,d) 3,249288,256993,2253268,2252163,11776,4.353,38903,14.379,413632,63212,350420,2.807,18.366,411980,206300,205680,9.16,18.293,1652,0.073,36.585,30406,30644,173887
2015,e) 4,218535,225480,2053055,2053151,9763,4.142,30263,12.838,355802,53049,302753,2.584,17.33,356951,161704,195247,7.876,17.386,-1149,-0.056,34.659,23578,23862,136419
2015,f) 5,188046,200803,2145294,2146373,8796,4.219,24170,11.593,337051,56766,280285,2.645,15.703,339362,146595,192767,6.83,15.811,-2311,-0.108,31.407,18399,18663,114285
2015,g) 6 to 10,902823,962451,9874716,9870377,40487,4.087,97028,9.794,1396095,240746,1155349,2.439,14.144,1385488,532665,852823,5.397,14.037,10607,0.107,28.074,71615,72972,427024
2015,h) 11 to 15,636672,713990,9233952,9208169,26668,3.659,56526,7.755,1121836,202838,918998,2.203,12.183,1070162,361129,709033,3.922,11.622,51674,0.561,23.244,39770,40795,259941
2015,i) 16 to 20,499766,602558,8969191,8916842,21510,3.509,42522,6.936,1088102,224092,864010,2.513,12.203,977986,298655,679331,3.349,10.968,110116,1.235,21.936,27796,28804,183324
2015,j) 21 to 25,371039,470391,7795639,7799605,14373,3.007,29629,6.198,791029,141656,649373,1.816,10.142,799177,210184,588993,2.695,10.246,-8148,-0.104,20.284,19449,20250,125225
2015,k) 26+,646851,968628,21344095,21292725,31119,3.172,55854,5.694,2140289,490458,1649831,2.303,10.052,2030793,551585,1479208,2.59,9.537,109496,0.514,19.075,32134,34099,216335
2015,l) Left Censored,414181,1470671,52923697,52719427,82379,5.578,94708,6.413,5328593,1506067,3822526,2.857,10.107,4917573,1367962,3549611,2.595,9.328,411020,0.78,18.656,16355,19031,168053
2016,a) 0,443927,447599,2335673,1167837,447599,200,(X),(X),2335673,2335673,(X),200,200,(X),(X),(X),(X),(X),2335673,200,(X),(X),(X),(X)
2016,b) 1,331496,337693,2328237,2315346,1805,0.472,90463,23.68,601299,28577,572722,1.234,25.97,567795,310181,257614,13.397,24.523,33504,1.447,49.046,70246,70328,258044
2016,c) 2,285792,294267,2310649,2308739,13739,4.39,51175,16.351,475654,70254,405400,3.043,20.602,470108,222888,247220,9.654,20.362,5546,0.24,40.724,40500,40631,185602
2016,d) 3,249341,256079,2099311,2112615,11531,4.28,38190,14.175,372258,57686,314572,2.731,17.621,398373,189590,208783,8.974,18.857,-26115,-1.236,35.241,30380,30436,162238
2016,e) 4,227860,236997,2257438,2250165,10894,4.411,30864,12.496,393772,79931,313841,3.552,17.5,379379,163837,215542,7.281,16.86,14393,0.64,33.72,24192,24342,136481
2016,f) 5,201139,209335,2042262,2047093,9080,4.176,25260,11.618,326309,59836,266473,2.923,15.94,335462,134882,200580,6.589,16.387,-9153,-0.447,31.88,19774,19990,114637
2016,g) 6 to 10,869231,933117,9916226,9929862,39329,4.099,91845,9.573,1407501,259234,1148267,2.611,14.174,1433296,532040,901256,5.358,14.434,-25795,-0.26,28.349,68534,69711,420047
2016,h) 11 to 15,657837,734552,9446598,9481182,26164,3.487,57757,7.697,1140152,200744,939408,2.117,12.025,1207008,393039,813969,4.145,12.731,-66856,-0.705,24.051,41050,42040,296335
2016,i) 16 to 20,492953,592375,8989199,8970854,20435,3.392,40581,6.736,1023009,205615,817394,2.292,11.404,982193,269363,712830,3.003,10.949,40816,0.455,21.897,27423,28566,179276
2016,j) 21 to 25,375523,480308,7997387,8060215,15659,3.211,30442,6.242,887336,194385,692951,2.412,11.009,1012947,308722,704225,3.83,12.567,-125611,-1.558,22.018,19716,20686,138535
2016,k) 26+,684978,1040367,23097702,22992347,34195,3.253,56074,5.334,2367438,563187,1804251,2.449,10.297,2153131,558836,1594295,2.431,9.365,214307,0.932,18.729,34564,36543,252062
2016,l) Left Censored,398544,1479668,53179474,53043877,81958,5.56,70817,4.804,4809068,1257217,3551851,2.37,9.066,4545347,1135157,3410190,2.14,8.569,263721,0.497,17.138,15754,19006,206142
2017,a) 0,440238,444966,2325394,1162723,444966,199.999,(X),(X),2325392,2325392,(X),199.995,199.995,(X),(X),(X),(X),(X),2325338,199.991,(X),(X),(X),(X)
2017,b) 1,347437,353661,2347367,2329713,2852,0.713,96022,23.991,636523,48980,587543,2.102,27.322,593511,330445,263066,14.184,25.476,43012,1.846,50.951,75007,75204,273548
2017,c) 2,290397,297604,2325351,2317701,12753,4.018,52403,16.509,481151,57466,423685,2.479,20.76,463387,235804,227583,10.174,19.993,17764,0.766,39.987,41421,41547,198145
2017,d) 3,256349,265772,2271314,2275728,11518,4.117,39440,14.099,429346,58900,370446,2.588,18.866,435040,211341,223699,9.287,19.117,-5694,-0.25,37.733,31166,31307,168426
2017,e) 4,226687,234056,2048646,2067706,9634,3.935,31230,12.755,336814,50460,286354,2.44,16.289,374402,177062,197340,8.563,18.107,-37588,-1.818,32.579,24514,24602,146223
2017,f) 5,208586,218781,2239839,2237964,9279,4.074,27211,11.948,395911,60858,335053,2.719,17.691,394756,174427,220329,7.794,17.639,1155,0.052,35.278,20861,21223,144315
2017,g) 6 to 10,838496,901960,9842781,9898870,33266,3.574,90788,9.755,1379272,224911,1154361,2.272,13.934,1488001,564241,923760,5.7,15.032,-108729,-1.098,27.867,67223,68587,429673
2017,h) 11 to 15,681255,758885,9624588,9678417,26592,3.421,63404,8.157,1248651,235422,1013229,2.432,12.901,1355851,458570,897281,4.738,14.009,-107200,-1.108,25.803,43693,45162,319535
2017,i) 16 to 20,482872,581018,8835837,8853186,19739,3.332,42489,7.172,1074645,219031,855614,2.474,12.139,1111003,345501,765502,3.903,12.549,-36358,-0.411,24.277,27981,29096,205111
2017,j) 21 to 25,381532,490524,8587123,8533512,14687,2.94,32901,6.585,1073013,220600,852413,2.585,12.574,954037,278099,675938,3.259,11.18,118976,1.394,22.36,20775,21775,155930
2017,k) 26+,715614,1088400,24369512,24346757,35408,3.201,71064,6.424,2674522,599815,2074707,2.464,10.985,2629676,798201,1831475,3.278,10.801,44846,0.184,21.602,37335,39918,289355
2017,l) Left Censored,382837,1448954,53034148,53084696,61082,4.171,91843,6.272,5153123,1212121,3941002,2.283,9.707,5263530,1514705,3748825,2.853,9.915,-110407,-0.208,19.415,15271,18189,194494
2018,a) 0,442676,445133,2425869,1212935,445133,200,(X),(X),2425869,2425869,(X),200,200,(X),(X),(X),(X),(X),2425869,200,(X),(X),(X),(X)
2018,b) 1,344691,349731,2371113,2349394,619,0.156,93924,23.695,624947,14158,610789,0.603,26.6,572762,321076,251686,13.666,24.379,52185,2.221,48.758,73935,74148,269728
2018,c) 2,304439,310526,2319112,2329056,12631,3.812,54351,16.401,458885,46540,412345,1.998,19.703,476071,237317,238754,10.189,20.441,-17186,-0.738,39.405,43402,43751,199590
2018,d) 3,260931,268536,2285465,2298981,11271,3.991,39088,13.839,395474,47432,348042,2.063,17.202,421394,193620,227774,8.422,18.33,-25920,-1.127,34.404,31165,31492,164323
2018,e) 4,232446,242532,2249816,2263723,9158,3.611,31359,12.364,356211,43370,312841,1.916,15.736,383273,169256,214017,7.477,16.931,-27062,-1.195,31.471,24750,25018,144431
2018,f) 5,207691,215359,2046704,2052506,8303,3.701,26233,11.694,325419,46564,278855,2.269,15.855,335874,144809,191065,7.055,16.364,-10455,-0.509,31.709,20695,20954,119850
2018,g) 6 to 10,825601,885205,10098364,10130640,30783,3.364,90711,9.912,1382890,183881,1199009,1.815,13.651,1447037,546244,900793,5.392,14.284,-64147,-0.633,27.301,67147,68696,421785
2018,h) 11 to 15,688706,758552,9427461,9462241,22595,2.903,61973,7.963,1123026,157714,965312,1.667,11.868,1190630,402640,787990,4.255,12.583,-67604,-0.714,23.737,45197,46788,301084
2018,i) 16 to 20,480573,573930,8929517,8982007,16061,2.74,40615,6.928,976815,167755,809060,1.868,10.875,1077598,310132,767466,3.453,11.997,-100783,-1.122,21.75,28038,29555,207751
2018,j) 21 to 25,389694,503109,8872356,8892604,14089,2.747,33687,6.568,1015793,200267,815526,2.252,11.423,1054522,299017,755505,3.363,11.858,-38729,-0.436,22.846,22441,23939,165149
2018,k) 26+,742589,1136096,25928562,25958946,30297,2.622,68991,5.971,2476074,485264,1990810,1.869,9.538,2543922,713176,1830746,2.747,9.8,-67848,-0.261,19.077,40569,43335,307082
2018,l) Left Censored,368111,1415796,53011057,53032310,53980,3.77,85886,5.999,4642247,1014945,3627302,1.914,8.754,4687393,1289217,3398176,2.431,8.839,-45146,-0.085,17.507,15068,18759,196214
2019,a) 0,453885,456275,2441615,1220808,456275,200,(X),(X),2441615,2441615,(X),200,200,(X),(X),(X),(X),(X),2441615,200,(X),(X),(X),(X)
2019,b) 1,346968,349871,2449613,2439442,631,0.159,95109,23.95,634106,16081,618025,0.659,25.994,606264,322996,283268,13.241,24.853,27842,1.141,49.705,77709,77799,277341
2019,c) 2,304217,309149,2358945,2364895,13264,4.027,53740,16.315,462707,54896,407811,2.321,19.566,471917,237706,234211,10.051,19.955,-9210,-0.389,39.131,44399,44738,202845
2019,d) 3,274346,280645,2294642,2303485,11867,4.015,41693,14.107,400514,53998,346516,2.344,17.387,416756,190826,225930,8.284,18.092,-16242,-0.705,34.775,34202,34467,164184
2019,e) 4,238642,246555,2253108,2266221,10199,3.962,31975,12.42,357536,51503,306033,2.273,15.777,384334,166857,217477,7.363,16.959,-26798,-1.182,31.554,26199,26397,144292
2019,f) 5,213854,224162,2212289,2233067,8670,3.717,26812,11.496,314495,47036,267459,2.106,14.084,355908,150650,205258,6.746,15.938,-41413,-1.855,28.167,21838,22043,125605
2019,g) 6 to 10,816767,871529,10088050,10136263,31592,3.514,86702,9.643,1324575,215726,1108849,2.128,13.068,1422062,518368,903694,5.114,14.029,-97487,-0.962,26.135,69299,70302,426492
2019,h) 11 to 15,692733,761162,9333758,9398253,24402,3.126,63145,8.09,1076958,189803,887155,2.02,11.459,1207455,387793,819662,4.126,12.848,-130497,-1.389,22.918,48430,49643,309533
2019,i) 16 to 20,479058,571075,8836377,8851729,16916,2.902,40649,6.973,931624,178087,753537,2.012,10.525,964610,283947,680663,3.208,10.897,-32986,-0.373,21.05,29930,31040,203501
2019,j) 21 to 25,393764,507592,9275680,9357215,13070,2.522,34413,6.64,996720,135612,861108,1.449,10.652,1163773,302765,861008,3.236,12.437,-167053,-1.785,21.304,23514,24649,158914
2019,k) 26+,768617,1189994,27597828,27575317,35083,2.908,68348,5.664,2497665,487221,2010444,1.767,9.058,2466957,666575,1800382,2.417,8.946,30708,0.111,17.893,44170,46753,298552
2019,l) Left Censored,354416,1401804,52953014,52918416,51474,3.654,65458,4.646,4272052,935134,3336918,1.767,8.073,4220362,1187565,3032797,2.244,7.975,51690,0.098,15.95,14664,17141,198257
2020,a) 0,448863,452990,2383706,1191853,452990,200,(X),(X),2383706,2383706,(X),200,200,(X),(X),(X),(X),(X),2383706,200,(X),(X),(X),(X)
2020,b) 1,349159,352085,2410132,2426872,665,0.165,103923,25.742,590763,14648,576115,0.604,24.343,614945,342240,272705,14.102,25.339,-24182,-0.996,48.685,87586,87654,291375
2020,c) 2,301768,305200,2379194,2404250,13630,4.166,57583,17.6,455348,59324,396024,2.467,18.939,504536,255184,249352,10.614,20.985,-49188,-2.046,37.879,48925,49051,222532
2020,d) 3,271139,276319,2315371,2337498,11857,4.052,44398,15.174,396948,50890,346058,2.177,16.982,440838,203325,237513,8.698,18.859,-43890,-1.878,33.964,37118,37407,177774
2020,e) 4,248469,255172,2252468,2272387,10778,4.023,36275,13.539,365651,58753,306898,2.586,16.091,404605,176924,227681,7.786,17.805,-38954,-1.714,32.182,30266,30527,155421
2020,f) 5,217506,225579,2183442,2215492,9135,3.87,30070,12.739,319606,48982,270624,2.211,14.426,383594,159200,224394,7.186,17.314,-63988,-2.888,28.852,24563,24950,138454
2020,g) 6 to 10,824973,883336,10245296,10360804,35009,3.827,97840,10.696,1331916,243405,1088511,2.349,12.855,1564356,584677,979679,5.643,15.099,-232440,-2.243,25.711,79010,80538,471084
2020,h) 11 to 15,664827,731324,9115743,9232016,22813,3.028,67181,8.916,1006716,166057,840659,1.799,10.905,1238988,426046,812942,4.615,13.421,-232272,-2.516,21.809,52268,54209,340373
2020,i) 16 to 20,486226,574605,8755176,8865975,16946,2.877,45900,7.792,864370,159254,705116,1.796,9.749,1084682,322403,762279,3.636,12.234,-220312,-2.485,19.499,34739,36235,233371
2020,j) 21 to 25,385352,495422,9128752,9140934,14094,2.78,37356,7.367,1079060,387739,691321,4.242,11.805,1090119,367059,723060,4.016,11.926,-11059,-0.121,23.609,26813,28250,178307
2020,k) 26+,789269,1230611,28892566,29155640,31711,2.525,82397,6.561,2529723,635633,1894090,2.18,8.677,3057552,799365,2258187,2.742,10.487,-527829,-1.81,17.353,51834,55714,372728
2020,l) Left Censored,338570,1379630,52771644,52837244,49577,3.564,72222,5.192,4458855,1014435,3444420,1.92,8.439,4596840,1236988,3359852,2.341,8.7,-137985,-0.261,16.878,15956,20057,200736
